ticker,true_label,pred_prob,pred_label,pred_label_str
ICICIBANK.NS,0,0.26148644,1,Jump
ICICIBANK.NS,0,0.24092682,0,No Jump
ICICIBANK.NS,0,0.2748142,1,Jump
ICICIBANK.NS,1,0.26099187,1,Jump
ICICIBANK.NS,0,0.25078562,0,No Jump
ICICIBANK.NS,0,0.25749505,0,No Jump
ICICIBANK.NS,0,0.189702,0,No Jump
ICICIBANK.NS,0,0.24078134,0,No Jump
ICICIBANK.NS,0,0.24222855,0,No Jump
ICICIBANK.NS,0,0.20306489,0,No Jump
ICICIBANK.NS,0,0.20107983,0,No Jump
ICICIBANK.NS,0,0.22025388,0,No Jump
ICICIBANK.NS,0,0.17001313,0,No Jump
ICICIBANK.NS,0,0.2304884,0,No Jump
ICICIBANK.NS,0,0.3234454,1,Jump
ICICIBANK.NS,0,0.3073752,1,Jump
ICICIBANK.NS,0,0.30309853,1,Jump
ICICIBANK.NS,0,0.24561797,0,No Jump
ICICIBANK.NS,0,0.31421724,1,Jump
ICICIBANK.NS,0,0.24068497,0,No Jump
ICICIBANK.NS,0,0.15896995,0,No Jump
ICICIBANK.NS,0,0.18383168,0,No Jump
ICICIBANK.NS,0,0.16800834,0,No Jump
ICICIBANK.NS,0,0.16464531,0,No Jump
ICICIBANK.NS,0,0.27171686,1,Jump
ICICIBANK.NS,0,0.22094497,0,No Jump
ICICIBANK.NS,0,0.2919894,1,Jump
ICICIBANK.NS,0,0.21969421,0,No Jump
ICICIBANK.NS,0,0.23650882,0,No Jump
ICICIBANK.NS,0,0.19146667,0,No Jump
ICICIBANK.NS,0,0.17930502,0,No Jump
ICICIBANK.NS,0,0.2582069,0,No Jump
ICICIBANK.NS,0,0.14536288,0,No Jump
ICICIBANK.NS,0,0.23180678,0,No Jump
ICICIBANK.NS,0,0.18683374,0,No Jump
ICICIBANK.NS,0,0.30972782,1,Jump
ICICIBANK.NS,0,0.27470267,1,Jump
ICICIBANK.NS,0,0.18282843,0,No Jump
ICICIBANK.NS,0,0.18429698,0,No Jump
ICICIBANK.NS,0,0.15816791,0,No Jump
ICICIBANK.NS,0,0.2921717,1,Jump
ICICIBANK.NS,0,0.23220177,0,No Jump
ICICIBANK.NS,0,0.31882495,1,Jump
ICICIBANK.NS,0,0.20449238,0,No Jump
ICICIBANK.NS,0,0.3140078,1,Jump
ICICIBANK.NS,1,0.3507491,1,Jump
ICICIBANK.NS,0,0.34797943,1,Jump
ICICIBANK.NS,0,0.25785184,0,No Jump
ICICIBANK.NS,0,0.15497021,0,No Jump
ICICIBANK.NS,0,0.34737846,1,Jump
ICICIBANK.NS,0,0.28824502,1,Jump
ICICIBANK.NS,0,0.2273344,0,No Jump
ICICIBANK.NS,1,0.23652945,0,No Jump
ICICIBANK.NS,0,0.2520198,0,No Jump
ICICIBANK.NS,0,0.13315037,0,No Jump
ICICIBANK.NS,0,0.2310867,0,No Jump
ICICIBANK.NS,0,0.2697085,1,Jump
ICICIBANK.NS,0,0.29790705,1,Jump
ICICIBANK.NS,0,0.2512518,0,No Jump
ICICIBANK.NS,0,0.27464536,1,Jump
ICICIBANK.NS,0,0.30095878,1,Jump
ICICIBANK.NS,0,0.31127048,1,Jump
ICICIBANK.NS,0,0.31479782,1,Jump
ICICIBANK.NS,0,0.26513833,1,Jump
ICICIBANK.NS,0,0.21565746,0,No Jump
ICICIBANK.NS,0,0.20942995,0,No Jump
ICICIBANK.NS,0,0.26501077,1,Jump
ICICIBANK.NS,0,0.2616982,1,Jump
ICICIBANK.NS,1,0.2922418,1,Jump
ICICIBANK.NS,0,0.18595828,0,No Jump
ICICIBANK.NS,0,0.16407974,0,No Jump
ICICIBANK.NS,0,0.19570084,0,No Jump
ICICIBANK.NS,0,0.23682812,0,No Jump
ICICIBANK.NS,0,0.20201391,0,No Jump
ICICIBANK.NS,1,0.26960802,1,Jump
ICICIBANK.NS,0,0.20538753,0,No Jump
ICICIBANK.NS,0,0.15914598,0,No Jump
ICICIBANK.NS,0,0.2427745,0,No Jump
ICICIBANK.NS,1,0.25181335,0,No Jump
ICICIBANK.NS,0,0.26723868,1,Jump
ICICIBANK.NS,0,0.2706834,1,Jump
ICICIBANK.NS,0,0.16074063,0,No Jump
ICICIBANK.NS,1,0.26005083,1,Jump
ICICIBANK.NS,0,0.22831145,0,No Jump
ICICIBANK.NS,0,0.3084327,1,Jump
ICICIBANK.NS,1,0.23135123,0,No Jump
ICICIBANK.NS,0,0.15090977,0,No Jump
ICICIBANK.NS,0,0.2727235,1,Jump
ICICIBANK.NS,0,0.2748723,1,Jump
ICICIBANK.NS,0,0.21981774,0,No Jump
ICICIBANK.NS,0,0.29083958,1,Jump
ICICIBANK.NS,0,0.32215276,1,Jump
ICICIBANK.NS,0,0.16212419,0,No Jump
ICICIBANK.NS,0,0.29941884,1,Jump
ICICIBANK.NS,0,0.2150646,0,No Jump
ICICIBANK.NS,1,0.15465343,0,No Jump
ICICIBANK.NS,1,0.28193924,1,Jump
ICICIBANK.NS,0,0.24262138,0,No Jump
ICICIBANK.NS,0,0.3157516,1,Jump
ICICIBANK.NS,0,0.30397037,1,Jump
ICICIBANK.NS,0,0.1894586,0,No Jump
ICICIBANK.NS,1,0.19477025,0,No Jump
ICICIBANK.NS,0,0.19372308,0,No Jump
ICICIBANK.NS,0,0.12639502,0,No Jump
ICICIBANK.NS,0,0.3437347,1,Jump
ICICIBANK.NS,0,0.2944987,1,Jump
ICICIBANK.NS,0,0.27224305,1,Jump
ICICIBANK.NS,0,0.1346237,0,No Jump
ICICIBANK.NS,1,0.28681132,1,Jump
ICICIBANK.NS,0,0.3054772,1,Jump
ICICIBANK.NS,0,0.28570348,1,Jump
ICICIBANK.NS,0,0.25336942,0,No Jump
ICICIBANK.NS,0,0.3495091,1,Jump
ICICIBANK.NS,0,0.21132454,0,No Jump
ICICIBANK.NS,0,0.17783953,0,No Jump
ICICIBANK.NS,1,0.32090023,1,Jump
ICICIBANK.NS,0,0.21014942,0,No Jump
ICICIBANK.NS,0,0.21197377,0,No Jump
ICICIBANK.NS,1,0.28518614,1,Jump
ICICIBANK.NS,0,0.24202855,0,No Jump
ICICIBANK.NS,0,0.29158464,1,Jump
ICICIBANK.NS,0,0.16659789,0,No Jump
ICICIBANK.NS,0,0.21739513,0,No Jump
ICICIBANK.NS,0,0.24577121,0,No Jump
ICICIBANK.NS,0,0.1863565,0,No Jump
ICICIBANK.NS,0,0.27286574,1,Jump
ICICIBANK.NS,0,0.34859994,1,Jump
ICICIBANK.NS,1,0.3401532,1,Jump
ICICIBANK.NS,1,0.2370009,0,No Jump
ICICIBANK.NS,0,0.22386843,0,No Jump
ICICIBANK.NS,0,0.2260276,0,No Jump
ICICIBANK.NS,0,0.22625971,0,No Jump
ICICIBANK.NS,0,0.28675556,1,Jump
ICICIBANK.NS,0,0.14466342,0,No Jump
ICICIBANK.NS,0,0.27919215,1,Jump
ICICIBANK.NS,0,0.15752171,0,No Jump
ICICIBANK.NS,0,0.16407801,0,No Jump
ICICIBANK.NS,0,0.22226392,0,No Jump
ICICIBANK.NS,0,0.16352649,0,No Jump
ICICIBANK.NS,0,0.19684987,0,No Jump
ICICIBANK.NS,0,0.3217278,1,Jump
ICICIBANK.NS,0,0.27230117,1,Jump
ICICIBANK.NS,1,0.20217377,0,No Jump
ICICIBANK.NS,0,0.2874821,1,Jump
ICICIBANK.NS,0,0.20552887,0,No Jump
ICICIBANK.NS,0,0.19125661,0,No Jump
ICICIBANK.NS,0,0.23535837,0,No Jump
ICICIBANK.NS,0,0.16483693,0,No Jump
ICICIBANK.NS,0,0.3272805,1,Jump
ICICIBANK.NS,1,0.30710924,1,Jump
ICICIBANK.NS,0,0.3652171,1,Jump
ICICIBANK.NS,0,0.21079439,0,No Jump
ICICIBANK.NS,0,0.21907884,0,No Jump
ICICIBANK.NS,0,0.30719155,1,Jump
ICICIBANK.NS,0,0.19284123,0,No Jump
ICICIBANK.NS,0,0.32865852,1,Jump
ICICIBANK.NS,0,0.29235294,1,Jump
ICICIBANK.NS,0,0.26456064,1,Jump
ICICIBANK.NS,1,0.20067626,0,No Jump
ICICIBANK.NS,0,0.29857492,1,Jump
ICICIBANK.NS,0,0.27352208,1,Jump
ICICIBANK.NS,0,0.24184002,0,No Jump
ICICIBANK.NS,1,0.29032704,1,Jump
ICICIBANK.NS,0,0.22074252,0,No Jump
ICICIBANK.NS,1,0.26271993,1,Jump
ICICIBANK.NS,0,0.19508848,0,No Jump
ICICIBANK.NS,0,0.17949156,0,No Jump
ICICIBANK.NS,0,0.26540163,1,Jump
ICICIBANK.NS,0,0.3164311,1,Jump
ICICIBANK.NS,1,0.303562,1,Jump
ICICIBANK.NS,0,0.28285757,1,Jump
ICICIBANK.NS,1,0.3197412,1,Jump
ICICIBANK.NS,0,0.23368835,0,No Jump
ICICIBANK.NS,0,0.3149982,1,Jump
ICICIBANK.NS,0,0.22604598,0,No Jump
ICICIBANK.NS,0,0.26089743,1,Jump
ICICIBANK.NS,0,0.260546,1,Jump
ICICIBANK.NS,0,0.2774233,1,Jump
ICICIBANK.NS,1,0.2597502,0,No Jump
ICICIBANK.NS,0,0.20415647,0,No Jump
ICICIBANK.NS,0,0.34744018,1,Jump
ICICIBANK.NS,0,0.19844612,0,No Jump
ICICIBANK.NS,0,0.1381932,0,No Jump
ICICIBANK.NS,0,0.25376242,0,No Jump
ICICIBANK.NS,0,0.26356322,1,Jump
ICICIBANK.NS,0,0.19494729,0,No Jump
ICICIBANK.NS,0,0.15324913,0,No Jump
ICICIBANK.NS,0,0.18214415,0,No Jump
ICICIBANK.NS,0,0.13763885,0,No Jump
ICICIBANK.NS,0,0.31836295,1,Jump
ICICIBANK.NS,0,0.3270363,1,Jump
ICICIBANK.NS,0,0.22877225,0,No Jump
ICICIBANK.NS,0,0.23963688,0,No Jump
ICICIBANK.NS,1,0.3241948,1,Jump
ICICIBANK.NS,0,0.22115885,0,No Jump
ICICIBANK.NS,0,0.23180246,0,No Jump
ICICIBANK.NS,0,0.27710152,1,Jump
ICICIBANK.NS,1,0.41361856,1,Jump
ICICIBANK.NS,0,0.27946812,1,Jump
ICICIBANK.NS,0,0.278713,1,Jump
ICICIBANK.NS,0,0.22624665,0,No Jump
ICICIBANK.NS,0,0.17154898,0,No Jump
ICICIBANK.NS,0,0.25077307,0,No Jump
ICICIBANK.NS,0,0.22355981,0,No Jump
ICICIBANK.NS,0,0.19345933,0,No Jump
ICICIBANK.NS,0,0.2154876,0,No Jump
ICICIBANK.NS,0,0.3192968,1,Jump
ICICIBANK.NS,0,0.2548912,0,No Jump
ICICIBANK.NS,1,0.20298544,0,No Jump
ICICIBANK.NS,0,0.31288427,1,Jump
ICICIBANK.NS,0,0.2728231,1,Jump
ICICIBANK.NS,0,0.3162886,1,Jump
ICICIBANK.NS,0,0.20563202,0,No Jump
ICICIBANK.NS,0,0.2777917,1,Jump
ICICIBANK.NS,0,0.15977573,0,No Jump
ICICIBANK.NS,0,0.2396888,0,No Jump
ICICIBANK.NS,0,0.22312394,0,No Jump
ICICIBANK.NS,0,0.30947584,1,Jump
ICICIBANK.NS,1,0.29982844,1,Jump
ICICIBANK.NS,0,0.297657,1,Jump
ICICIBANK.NS,1,0.28139964,1,Jump
ICICIBANK.NS,0,0.1742155,0,No Jump
ICICIBANK.NS,0,0.2108899,0,No Jump
ICICIBANK.NS,1,0.28339168,1,Jump
ICICIBANK.NS,0,0.17091975,0,No Jump
ICICIBANK.NS,0,0.26101986,1,Jump
ICICIBANK.NS,0,0.2850094,1,Jump
ICICIBANK.NS,0,0.40606552,1,Jump
ICICIBANK.NS,0,0.19436494,0,No Jump
ICICIBANK.NS,0,0.21081996,0,No Jump
ICICIBANK.NS,0,0.27289537,1,Jump
ICICIBANK.NS,0,0.14118464,0,No Jump
ICICIBANK.NS,0,0.24339457,0,No Jump
ICICIBANK.NS,0,0.261538,1,Jump
ICICIBANK.NS,0,0.3028707,1,Jump
ICICIBANK.NS,0,0.30843884,1,Jump
ICICIBANK.NS,0,0.30494994,1,Jump
ICICIBANK.NS,0,0.4106024,1,Jump
ICICIBANK.NS,0,0.33678856,1,Jump
ICICIBANK.NS,0,0.16989928,0,No Jump
ICICIBANK.NS,0,0.20894344,0,No Jump
ICICIBANK.NS,0,0.24580358,0,No Jump
ICICIBANK.NS,1,0.27308914,1,Jump
ICICIBANK.NS,0,0.29019248,1,Jump
ICICIBANK.NS,0,0.17411338,0,No Jump
ICICIBANK.NS,0,0.339658,1,Jump
ICICIBANK.NS,0,0.30313915,1,Jump
ICICIBANK.NS,1,0.32369497,1,Jump
ICICIBANK.NS,0,0.3019511,1,Jump
ICICIBANK.NS,0,0.27537808,1,Jump
ICICIBANK.NS,0,0.29704976,1,Jump
ICICIBANK.NS,0,0.13620377,0,No Jump
ICICIBANK.NS,0,0.17995545,0,No Jump
ICICIBANK.NS,0,0.24571289,0,No Jump
ICICIBANK.NS,0,0.17119403,0,No Jump
ICICIBANK.NS,0,0.2717502,1,Jump
ICICIBANK.NS,0,0.22318986,0,No Jump
ICICIBANK.NS,0,0.19559991,0,No Jump
ICICIBANK.NS,0,0.13140202,0,No Jump
ICICIBANK.NS,0,0.30600378,1,Jump
ICICIBANK.NS,0,0.20853025,0,No Jump
ICICIBANK.NS,0,0.27951807,1,Jump
ICICIBANK.NS,0,0.23064753,0,No Jump
ICICIBANK.NS,0,0.13595289,0,No Jump
ICICIBANK.NS,0,0.34160915,1,Jump
ICICIBANK.NS,0,0.2805871,1,Jump
ICICIBANK.NS,1,0.34895474,1,Jump
ICICIBANK.NS,1,0.2922408,1,Jump
ICICIBANK.NS,0,0.3189894,1,Jump
ICICIBANK.NS,1,0.23015578,0,No Jump
ICICIBANK.NS,0,0.31564632,1,Jump
ICICIBANK.NS,0,0.3164149,1,Jump
ICICIBANK.NS,0,0.22525398,0,No Jump
ICICIBANK.NS,0,0.30106217,1,Jump
ICICIBANK.NS,0,0.20398608,0,No Jump
ICICIBANK.NS,0,0.20463215,0,No Jump
ICICIBANK.NS,0,0.24604547,0,No Jump
ICICIBANK.NS,0,0.2643579,1,Jump
ICICIBANK.NS,0,0.26688102,1,Jump
ICICIBANK.NS,0,0.28367206,1,Jump
ICICIBANK.NS,0,0.25960198,0,No Jump
ICICIBANK.NS,0,0.22840995,0,No Jump
ICICIBANK.NS,0,0.2968885,1,Jump
ICICIBANK.NS,0,0.20893292,0,No Jump
ICICIBANK.NS,0,0.25605294,0,No Jump
ICICIBANK.NS,0,0.21759222,0,No Jump
ICICIBANK.NS,0,0.15553576,0,No Jump
ICICIBANK.NS,1,0.20871271,0,No Jump
ICICIBANK.NS,0,0.32354662,1,Jump
ICICIBANK.NS,0,0.21023926,0,No Jump
ICICIBANK.NS,0,0.23016778,0,No Jump
ICICIBANK.NS,0,0.25913063,0,No Jump
ICICIBANK.NS,0,0.2645743,1,Jump
ICICIBANK.NS,0,0.17156477,0,No Jump
ICICIBANK.NS,0,0.14319798,0,No Jump
ICICIBANK.NS,0,0.28751943,1,Jump
ICICIBANK.NS,1,0.23375297,0,No Jump
ICICIBANK.NS,0,0.18664877,0,No Jump
ICICIBANK.NS,0,0.25334036,0,No Jump
ICICIBANK.NS,0,0.13610345,0,No Jump
ICICIBANK.NS,1,0.29812524,1,Jump
ICICIBANK.NS,1,0.3104555,1,Jump
ICICIBANK.NS,0,0.25739467,0,No Jump
ICICIBANK.NS,1,0.2627553,1,Jump
ICICIBANK.NS,0,0.2365164,0,No Jump
ICICIBANK.NS,0,0.3263329,1,Jump
ICICIBANK.NS,0,0.15998225,0,No Jump
ICICIBANK.NS,0,0.1644187,0,No Jump
ICICIBANK.NS,0,0.23537213,0,No Jump
ICICIBANK.NS,0,0.29448783,1,Jump
ICICIBANK.NS,0,0.2619697,1,Jump
ICICIBANK.NS,0,0.23052299,0,No Jump
ICICIBANK.NS,0,0.2563003,0,No Jump
ICICIBANK.NS,0,0.16656995,0,No Jump
ICICIBANK.NS,0,0.364273,1,Jump
ICICIBANK.NS,0,0.19383177,0,No Jump
ICICIBANK.NS,0,0.16424066,0,No Jump
ICICIBANK.NS,0,0.27349064,1,Jump
ICICIBANK.NS,0,0.23124354,0,No Jump
ICICIBANK.NS,1,0.34583533,1,Jump
ICICIBANK.NS,0,0.30498025,1,Jump
ICICIBANK.NS,0,0.30566627,1,Jump
ICICIBANK.NS,0,0.22904296,0,No Jump
ICICIBANK.NS,0,0.21810257,0,No Jump
ICICIBANK.NS,0,0.32081467,1,Jump
ICICIBANK.NS,0,0.298387,1,Jump
ICICIBANK.NS,0,0.2021227,0,No Jump
ICICIBANK.NS,0,0.2777153,1,Jump
ICICIBANK.NS,0,0.16864464,0,No Jump
ICICIBANK.NS,0,0.24552272,0,No Jump
ICICIBANK.NS,0,0.24911183,0,No Jump
ICICIBANK.NS,0,0.22673485,0,No Jump
ICICIBANK.NS,0,0.18702386,0,No Jump
ICICIBANK.NS,0,0.27099407,1,Jump
ICICIBANK.NS,0,0.23996156,0,No Jump
ICICIBANK.NS,0,0.16610081,0,No Jump
ICICIBANK.NS,0,0.17344679,0,No Jump
ICICIBANK.NS,0,0.34042588,1,Jump
ICICIBANK.NS,0,0.3176703,1,Jump
ICICIBANK.NS,0,0.16502431,0,No Jump
ICICIBANK.NS,0,0.22742242,0,No Jump
ICICIBANK.NS,0,0.27910244,1,Jump
ICICIBANK.NS,0,0.20999949,0,No Jump
ICICIBANK.NS,0,0.25716612,0,No Jump
ICICIBANK.NS,1,0.26235774,1,Jump
ICICIBANK.NS,1,0.3242539,1,Jump
ICICIBANK.NS,0,0.22042172,0,No Jump
ICICIBANK.NS,0,0.2317405,0,No Jump
ICICIBANK.NS,0,0.12883933,0,No Jump
ICICIBANK.NS,0,0.2029831,0,No Jump
ICICIBANK.NS,0,0.25595722,0,No Jump
ICICIBANK.NS,0,0.3191671,1,Jump
ICICIBANK.NS,0,0.27279657,1,Jump
ICICIBANK.NS,0,0.26185927,1,Jump
ICICIBANK.NS,1,0.3247322,1,Jump
ICICIBANK.NS,0,0.2980789,1,Jump
ICICIBANK.NS,0,0.3263562,1,Jump
ICICIBANK.NS,0,0.14955509,0,No Jump
ICICIBANK.NS,0,0.27201062,1,Jump
ICICIBANK.NS,1,0.29009065,1,Jump
ICICIBANK.NS,0,0.2528438,0,No Jump
ICICIBANK.NS,1,0.3369715,1,Jump
ICICIBANK.NS,0,0.31970963,1,Jump
ICICIBANK.NS,0,0.31352562,1,Jump
ICICIBANK.NS,0,0.3100741,1,Jump
ICICIBANK.NS,0,0.24560888,0,No Jump
ICICIBANK.NS,0,0.24403736,0,No Jump
ICICIBANK.NS,0,0.34037602,1,Jump
ICICIBANK.NS,0,0.29128182,1,Jump
ICICIBANK.NS,0,0.25515664,0,No Jump
ICICIBANK.NS,1,0.2913853,1,Jump
ICICIBANK.NS,0,0.2767978,1,Jump
ICICIBANK.NS,0,0.24623404,0,No Jump
ICICIBANK.NS,0,0.20464548,0,No Jump
ICICIBANK.NS,0,0.1892788,0,No Jump
ICICIBANK.NS,0,0.32009625,1,Jump
ICICIBANK.NS,1,0.29174584,1,Jump
ICICIBANK.NS,0,0.29499918,1,Jump
ICICIBANK.NS,0,0.3418832,1,Jump
ICICIBANK.NS,0,0.28197655,1,Jump
ICICIBANK.NS,0,0.14041294,0,No Jump
ICICIBANK.NS,0,0.14442119,0,No Jump
ICICIBANK.NS,0,0.18104054,0,No Jump
ICICIBANK.NS,0,0.2560032,0,No Jump
ICICIBANK.NS,0,0.2299712,0,No Jump
ICICIBANK.NS,0,0.22639075,0,No Jump
ICICIBANK.NS,1,0.26262522,1,Jump
ICICIBANK.NS,0,0.21401419,0,No Jump
ICICIBANK.NS,0,0.24417937,0,No Jump
ICICIBANK.NS,0,0.20258978,0,No Jump
ICICIBANK.NS,0,0.2128203,0,No Jump
ICICIBANK.NS,0,0.25880775,0,No Jump
ICICIBANK.NS,0,0.28247058,1,Jump
ICICIBANK.NS,0,0.26062477,1,Jump
ICICIBANK.NS,0,0.13472563,0,No Jump
ICICIBANK.NS,0,0.28749508,1,Jump
ICICIBANK.NS,0,0.3070838,1,Jump
ICICIBANK.NS,0,0.32635617,1,Jump
ICICIBANK.NS,0,0.23424464,0,No Jump
ICICIBANK.NS,0,0.19681141,0,No Jump
ICICIBANK.NS,0,0.17072073,0,No Jump
ICICIBANK.NS,0,0.14871998,0,No Jump
ICICIBANK.NS,0,0.183672,0,No Jump
ICICIBANK.NS,0,0.21686432,0,No Jump
ICICIBANK.NS,0,0.29461923,1,Jump
ICICIBANK.NS,0,0.21658456,0,No Jump
ICICIBANK.NS,0,0.25456056,0,No Jump
ICICIBANK.NS,0,0.15608644,0,No Jump
ICICIBANK.NS,0,0.2967404,1,Jump
ICICIBANK.NS,0,0.16540898,0,No Jump
ICICIBANK.NS,1,0.29288846,1,Jump
ICICIBANK.NS,0,0.21016406,0,No Jump
ICICIBANK.NS,0,0.30081436,1,Jump
ICICIBANK.NS,1,0.2628725,1,Jump
ICICIBANK.NS,0,0.22874552,0,No Jump
ICICIBANK.NS,0,0.2913098,1,Jump
ICICIBANK.NS,0,0.24473958,0,No Jump
ICICIBANK.NS,0,0.18328354,0,No Jump
ICICIBANK.NS,1,0.3318519,1,Jump
ICICIBANK.NS,0,0.111076966,0,No Jump
ICICIBANK.NS,0,0.22682767,0,No Jump
ICICIBANK.NS,0,0.36250892,1,Jump
ICICIBANK.NS,0,0.23705941,0,No Jump
ICICIBANK.NS,0,0.2134609,0,No Jump
ICICIBANK.NS,0,0.3182364,1,Jump
ICICIBANK.NS,0,0.16827969,0,No Jump
ICICIBANK.NS,0,0.3086476,1,Jump
ICICIBANK.NS,0,0.16824362,0,No Jump
ICICIBANK.NS,0,0.14808509,0,No Jump
ICICIBANK.NS,0,0.14647232,0,No Jump
ICICIBANK.NS,0,0.35837957,1,Jump
ICICIBANK.NS,0,0.12831599,0,No Jump
ICICIBANK.NS,0,0.30247664,1,Jump
ICICIBANK.NS,0,0.24864417,0,No Jump
ICICIBANK.NS,0,0.19747117,0,No Jump
ICICIBANK.NS,0,0.28213194,1,Jump
ICICIBANK.NS,0,0.23674852,0,No Jump
ICICIBANK.NS,0,0.17833628,0,No Jump
ICICIBANK.NS,0,0.20629093,0,No Jump
ICICIBANK.NS,0,0.26028717,1,Jump
ICICIBANK.NS,0,0.32185006,1,Jump
ICICIBANK.NS,1,0.19652708,0,No Jump
ICICIBANK.NS,0,0.2948146,1,Jump
ICICIBANK.NS,0,0.20822196,0,No Jump
ICICIBANK.NS,0,0.27575073,1,Jump
ICICIBANK.NS,0,0.22684056,0,No Jump
ICICIBANK.NS,0,0.28400716,1,Jump
ICICIBANK.NS,0,0.20535769,0,No Jump
ICICIBANK.NS,0,0.322308,1,Jump
ICICIBANK.NS,0,0.29084384,1,Jump
ICICIBANK.NS,0,0.13455047,0,No Jump
ICICIBANK.NS,0,0.2715672,1,Jump
ICICIBANK.NS,0,0.21368909,0,No Jump
ICICIBANK.NS,0,0.2880968,1,Jump
ICICIBANK.NS,0,0.24331841,0,No Jump
ICICIBANK.NS,0,0.29169953,1,Jump
ICICIBANK.NS,0,0.3241779,1,Jump
ICICIBANK.NS,0,0.30387953,1,Jump
ICICIBANK.NS,1,0.31570172,1,Jump
ICICIBANK.NS,0,0.20936608,0,No Jump
ICICIBANK.NS,0,0.23308484,0,No Jump
ICICIBANK.NS,0,0.21335158,0,No Jump
ICICIBANK.NS,0,0.27108833,1,Jump
ICICIBANK.NS,0,0.2848621,1,Jump
ICICIBANK.NS,1,0.31266662,1,Jump
ICICIBANK.NS,0,0.18037502,0,No Jump
ICICIBANK.NS,0,0.31980303,1,Jump
ICICIBANK.NS,0,0.3071498,1,Jump
ICICIBANK.NS,0,0.25505087,0,No Jump
ICICIBANK.NS,0,0.21871579,0,No Jump
ICICIBANK.NS,0,0.22930562,0,No Jump
ICICIBANK.NS,0,0.2530516,0,No Jump
ICICIBANK.NS,0,0.20224135,0,No Jump
ICICIBANK.NS,0,0.2981426,1,Jump
ICICIBANK.NS,0,0.21238205,0,No Jump
ICICIBANK.NS,0,0.21810703,0,No Jump
ICICIBANK.NS,0,0.31338567,1,Jump
ICICIBANK.NS,0,0.23626882,0,No Jump
ICICIBANK.NS,0,0.21554409,0,No Jump
ICICIBANK.NS,0,0.30266666,1,Jump
ICICIBANK.NS,0,0.25992334,1,Jump
ICICIBANK.NS,0,0.18695647,0,No Jump
ICICIBANK.NS,0,0.27377346,1,Jump
ICICIBANK.NS,0,0.31824246,1,Jump
ICICIBANK.NS,0,0.26622024,1,Jump
ICICIBANK.NS,0,0.28268695,1,Jump
ICICIBANK.NS,0,0.28462988,1,Jump
ICICIBANK.NS,0,0.16745123,0,No Jump
ICICIBANK.NS,0,0.2127519,0,No Jump
ICICIBANK.NS,0,0.3202168,1,Jump
ICICIBANK.NS,0,0.24265853,0,No Jump
ICICIBANK.NS,0,0.3190942,1,Jump
ICICIBANK.NS,0,0.27857745,1,Jump
ICICIBANK.NS,0,0.3045768,1,Jump
ICICIBANK.NS,0,0.24879433,0,No Jump
ICICIBANK.NS,0,0.16548789,0,No Jump
ICICIBANK.NS,0,0.20229293,0,No Jump
ICICIBANK.NS,0,0.17001776,0,No Jump
ICICIBANK.NS,0,0.22794104,0,No Jump
ICICIBANK.NS,0,0.22427195,0,No Jump
ICICIBANK.NS,0,0.26963916,1,Jump
ICICIBANK.NS,0,0.1439653,0,No Jump
ICICIBANK.NS,1,0.29161322,1,Jump
ICICIBANK.NS,0,0.2215764,0,No Jump
ICICIBANK.NS,0,0.31651416,1,Jump
ICICIBANK.NS,1,0.308923,1,Jump
ICICIBANK.NS,0,0.27511045,1,Jump
ICICIBANK.NS,0,0.34500203,1,Jump
ICICIBANK.NS,0,0.21754965,0,No Jump
ICICIBANK.NS,0,0.21066044,0,No Jump
ICICIBANK.NS,0,0.23343675,0,No Jump
ICICIBANK.NS,0,0.33403832,1,Jump
ICICIBANK.NS,0,0.20550203,0,No Jump
ICICIBANK.NS,0,0.17154947,0,No Jump
ICICIBANK.NS,1,0.2681791,1,Jump
ICICIBANK.NS,0,0.27018678,1,Jump
ICICIBANK.NS,0,0.25034648,0,No Jump
ICICIBANK.NS,1,0.2710925,1,Jump
ICICIBANK.NS,0,0.26221484,1,Jump
ICICIBANK.NS,0,0.17285794,0,No Jump
ICICIBANK.NS,0,0.16736156,0,No Jump
ICICIBANK.NS,0,0.20458925,0,No Jump
ICICIBANK.NS,0,0.19934516,0,No Jump
ICICIBANK.NS,0,0.40977105,1,Jump
ICICIBANK.NS,0,0.25698325,0,No Jump
ICICIBANK.NS,0,0.30360222,1,Jump
ICICIBANK.NS,0,0.27375758,1,Jump
ICICIBANK.NS,0,0.22787987,0,No Jump
ICICIBANK.NS,0,0.2907078,1,Jump
ICICIBANK.NS,0,0.21209902,0,No Jump
ICICIBANK.NS,0,0.2291421,0,No Jump
ICICIBANK.NS,0,0.22070967,0,No Jump
ICICIBANK.NS,0,0.2194342,0,No Jump
ICICIBANK.NS,0,0.27008885,1,Jump
ICICIBANK.NS,0,0.25011128,0,No Jump
ICICIBANK.NS,0,0.13849434,0,No Jump
ICICIBANK.NS,1,0.32528928,1,Jump
ICICIBANK.NS,0,0.2096635,0,No Jump
ICICIBANK.NS,0,0.16795866,0,No Jump
ICICIBANK.NS,0,0.30502912,1,Jump
ICICIBANK.NS,1,0.28316155,1,Jump
ICICIBANK.NS,0,0.2257045,0,No Jump
ICICIBANK.NS,0,0.25260055,0,No Jump
ICICIBANK.NS,0,0.28579566,1,Jump
ICICIBANK.NS,0,0.19742495,0,No Jump
ICICIBANK.NS,0,0.22481932,0,No Jump
ICICIBANK.NS,0,0.22771467,0,No Jump
ICICIBANK.NS,1,0.32360548,1,Jump
ICICIBANK.NS,0,0.22968213,0,No Jump
ICICIBANK.NS,1,0.326191,1,Jump
ICICIBANK.NS,0,0.1715476,0,No Jump
ICICIBANK.NS,0,0.29373196,1,Jump
ICICIBANK.NS,0,0.19750898,0,No Jump
ICICIBANK.NS,0,0.27885133,1,Jump
ICICIBANK.NS,0,0.2639062,1,Jump
ICICIBANK.NS,1,0.23986362,0,No Jump
ICICIBANK.NS,0,0.20535323,0,No Jump
ICICIBANK.NS,0,0.2566949,0,No Jump
ICICIBANK.NS,0,0.30347478,1,Jump
ICICIBANK.NS,0,0.18009631,0,No Jump
ICICIBANK.NS,0,0.24061972,0,No Jump
ICICIBANK.NS,0,0.21943337,0,No Jump
ICICIBANK.NS,0,0.19661692,0,No Jump
ICICIBANK.NS,0,0.24414445,0,No Jump
ICICIBANK.NS,0,0.24803588,0,No Jump
ICICIBANK.NS,0,0.31595525,1,Jump
ICICIBANK.NS,1,0.24506627,0,No Jump
ICICIBANK.NS,1,0.36576724,1,Jump
ICICIBANK.NS,0,0.24466313,0,No Jump
ICICIBANK.NS,0,0.25285137,0,No Jump
ICICIBANK.NS,0,0.2282424,0,No Jump
ICICIBANK.NS,0,0.26995236,1,Jump
ICICIBANK.NS,0,0.16749577,0,No Jump
ICICIBANK.NS,0,0.18253556,0,No Jump
ICICIBANK.NS,0,0.24326935,0,No Jump
ICICIBANK.NS,0,0.17944875,0,No Jump
ICICIBANK.NS,0,0.23113517,0,No Jump
ICICIBANK.NS,0,0.22505088,0,No Jump
ICICIBANK.NS,1,0.21882068,0,No Jump
ICICIBANK.NS,0,0.25585756,0,No Jump
ICICIBANK.NS,0,0.18967216,0,No Jump
ICICIBANK.NS,0,0.2898898,1,Jump
ICICIBANK.NS,0,0.30943322,1,Jump
ICICIBANK.NS,0,0.13595493,0,No Jump
ICICIBANK.NS,0,0.31184524,1,Jump
ICICIBANK.NS,0,0.11244456,0,No Jump
ICICIBANK.NS,0,0.3450773,1,Jump
ICICIBANK.NS,0,0.25987023,1,Jump
ICICIBANK.NS,1,0.2965767,1,Jump
ICICIBANK.NS,0,0.20184407,0,No Jump
ICICIBANK.NS,0,0.19277349,0,No Jump
ICICIBANK.NS,1,0.27688545,1,Jump
ICICIBANK.NS,0,0.31905183,1,Jump
ICICIBANK.NS,0,0.15218967,0,No Jump
ICICIBANK.NS,0,0.26448634,1,Jump
ICICIBANK.NS,0,0.28434563,1,Jump
ICICIBANK.NS,0,0.23694204,0,No Jump
ICICIBANK.NS,1,0.2789178,1,Jump
ICICIBANK.NS,0,0.25647524,0,No Jump
ICICIBANK.NS,0,0.21559964,0,No Jump
ICICIBANK.NS,0,0.30587518,1,Jump
ICICIBANK.NS,0,0.28102365,1,Jump
ICICIBANK.NS,0,0.25932667,0,No Jump
ICICIBANK.NS,0,0.28760165,1,Jump
ICICIBANK.NS,1,0.24903587,0,No Jump
ICICIBANK.NS,1,0.2887211,1,Jump
ICICIBANK.NS,0,0.25084347,0,No Jump
ICICIBANK.NS,1,0.281933,1,Jump
ICICIBANK.NS,1,0.2953694,1,Jump
ICICIBANK.NS,1,0.3035845,1,Jump
ICICIBANK.NS,0,0.32083437,1,Jump
ICICIBANK.NS,0,0.23021206,0,No Jump
ICICIBANK.NS,0,0.21843559,0,No Jump
ICICIBANK.NS,1,0.27773702,1,Jump
ICICIBANK.NS,1,0.3144434,1,Jump
ICICIBANK.NS,0,0.19190685,0,No Jump
ICICIBANK.NS,0,0.21138252,0,No Jump
ICICIBANK.NS,1,0.281577,1,Jump
ICICIBANK.NS,0,0.23704185,0,No Jump
ICICIBANK.NS,0,0.24932832,0,No Jump
ICICIBANK.NS,0,0.20057604,0,No Jump
ICICIBANK.NS,0,0.24722894,0,No Jump
ICICIBANK.NS,0,0.22065131,0,No Jump
ICICIBANK.NS,0,0.114119954,0,No Jump
ICICIBANK.NS,0,0.3206056,1,Jump
ICICIBANK.NS,0,0.33452326,1,Jump
ICICIBANK.NS,0,0.29686457,1,Jump
ICICIBANK.NS,0,0.32564312,1,Jump
ICICIBANK.NS,0,0.26708987,1,Jump
ICICIBANK.NS,0,0.30490005,1,Jump
ICICIBANK.NS,0,0.25965434,0,No Jump
ICICIBANK.NS,1,0.27365047,1,Jump
ICICIBANK.NS,0,0.15288329,0,No Jump
ICICIBANK.NS,1,0.18854527,0,No Jump
ICICIBANK.NS,0,0.3101642,1,Jump
ICICIBANK.NS,0,0.16026993,0,No Jump
ICICIBANK.NS,1,0.33513772,1,Jump
ICICIBANK.NS,0,0.26285887,1,Jump
ICICIBANK.NS,0,0.24633062,0,No Jump
ICICIBANK.NS,0,0.31473932,1,Jump
ICICIBANK.NS,0,0.29878914,1,Jump
ICICIBANK.NS,0,0.15003222,0,No Jump
ICICIBANK.NS,0,0.19032644,0,No Jump
ICICIBANK.NS,0,0.1852387,0,No Jump
ICICIBANK.NS,0,0.22967096,0,No Jump
ICICIBANK.NS,0,0.29764792,1,Jump
ICICIBANK.NS,0,0.2038295,0,No Jump
ICICIBANK.NS,0,0.21155967,0,No Jump
ICICIBANK.NS,0,0.34824738,1,Jump
ICICIBANK.NS,0,0.14239427,0,No Jump
ICICIBANK.NS,0,0.17798078,0,No Jump
ICICIBANK.NS,0,0.2874644,1,Jump
ICICIBANK.NS,0,0.27067474,1,Jump
ICICIBANK.NS,1,0.28943738,1,Jump
ICICIBANK.NS,0,0.17800003,0,No Jump
ICICIBANK.NS,0,0.26836053,1,Jump
ICICIBANK.NS,0,0.15074587,0,No Jump
ICICIBANK.NS,1,0.24713998,0,No Jump
ICICIBANK.NS,0,0.24695766,0,No Jump
ICICIBANK.NS,0,0.3016671,1,Jump
ICICIBANK.NS,0,0.32576752,1,Jump
ICICIBANK.NS,0,0.1705512,0,No Jump
ICICIBANK.NS,0,0.2766085,1,Jump
ICICIBANK.NS,0,0.24370876,0,No Jump
ICICIBANK.NS,0,0.20900589,0,No Jump
ICICIBANK.NS,0,0.27928382,1,Jump
ICICIBANK.NS,1,0.28083065,1,Jump
ICICIBANK.NS,1,0.22905876,0,No Jump
ICICIBANK.NS,0,0.32246473,1,Jump
ICICIBANK.NS,0,0.14073673,0,No Jump
ICICIBANK.NS,0,0.2154252,0,No Jump
ICICIBANK.NS,0,0.21046765,0,No Jump
ICICIBANK.NS,0,0.1898448,0,No Jump
ICICIBANK.NS,0,0.31914747,1,Jump
ICICIBANK.NS,0,0.1976629,0,No Jump
ICICIBANK.NS,0,0.18188813,0,No Jump
ICICIBANK.NS,0,0.24848005,0,No Jump
ICICIBANK.NS,0,0.22634953,0,No Jump
ICICIBANK.NS,0,0.24064489,0,No Jump
ICICIBANK.NS,0,0.19940199,0,No Jump
ICICIBANK.NS,0,0.30570346,1,Jump
ICICIBANK.NS,0,0.30761066,1,Jump
ICICIBANK.NS,0,0.1898895,0,No Jump
ICICIBANK.NS,1,0.34794524,1,Jump
ICICIBANK.NS,0,0.30521074,1,Jump
ICICIBANK.NS,0,0.20792578,0,No Jump
ICICIBANK.NS,0,0.22354294,0,No Jump
ICICIBANK.NS,0,0.26705307,1,Jump
ICICIBANK.NS,0,0.2416726,0,No Jump
ICICIBANK.NS,1,0.31967342,1,Jump
ICICIBANK.NS,0,0.3453895,1,Jump
ICICIBANK.NS,0,0.17304505,0,No Jump
ICICIBANK.NS,0,0.28780332,1,Jump
ICICIBANK.NS,0,0.3134138,1,Jump
ICICIBANK.NS,0,0.23728731,0,No Jump
ICICIBANK.NS,0,0.22052217,0,No Jump
ICICIBANK.NS,1,0.2782139,1,Jump
ICICIBANK.NS,0,0.30665892,1,Jump
ICICIBANK.NS,1,0.4139932,1,Jump
ICICIBANK.NS,0,0.23281425,0,No Jump
ICICIBANK.NS,0,0.22538634,0,No Jump
ICICIBANK.NS,1,0.3241099,1,Jump
ICICIBANK.NS,0,0.31940603,1,Jump
ICICIBANK.NS,0,0.37123364,1,Jump
ICICIBANK.NS,0,0.32509023,1,Jump
ICICIBANK.NS,0,0.20258288,0,No Jump
ICICIBANK.NS,0,0.33102706,1,Jump
ICICIBANK.NS,0,0.29533216,1,Jump
ICICIBANK.NS,0,0.17918414,0,No Jump
ICICIBANK.NS,0,0.23089027,0,No Jump
ICICIBANK.NS,0,0.23978995,0,No Jump
ICICIBANK.NS,0,0.22339204,0,No Jump
ICICIBANK.NS,0,0.18926126,0,No Jump
ICICIBANK.NS,0,0.31775525,1,Jump
ICICIBANK.NS,0,0.20435931,0,No Jump
ICICIBANK.NS,0,0.17955616,0,No Jump
ICICIBANK.NS,1,0.34072128,1,Jump
ICICIBANK.NS,0,0.1902119,0,No Jump
ICICIBANK.NS,0,0.22477807,0,No Jump
ICICIBANK.NS,1,0.16449714,0,No Jump
ICICIBANK.NS,0,0.34035203,1,Jump
ICICIBANK.NS,0,0.2279713,0,No Jump
ICICIBANK.NS,0,0.27395245,1,Jump
ICICIBANK.NS,0,0.29383186,1,Jump
ICICIBANK.NS,0,0.29242104,1,Jump
ICICIBANK.NS,0,0.16998327,0,No Jump
ICICIBANK.NS,0,0.2852203,1,Jump
ICICIBANK.NS,0,0.18457952,0,No Jump
ICICIBANK.NS,0,0.18154225,0,No Jump
ICICIBANK.NS,0,0.2820641,1,Jump
ICICIBANK.NS,0,0.1634216,0,No Jump
ICICIBANK.NS,0,0.2726392,1,Jump
ICICIBANK.NS,0,0.27801347,1,Jump
ICICIBANK.NS,1,0.3014338,1,Jump
ICICIBANK.NS,0,0.27640897,1,Jump
ICICIBANK.NS,0,0.31996635,1,Jump
ICICIBANK.NS,0,0.18716489,0,No Jump
ICICIBANK.NS,0,0.17888053,0,No Jump
ICICIBANK.NS,0,0.18316446,0,No Jump
ICICIBANK.NS,0,0.19643828,0,No Jump
ICICIBANK.NS,0,0.2566687,0,No Jump
ICICIBANK.NS,0,0.242194,0,No Jump
ICICIBANK.NS,0,0.29935575,1,Jump
ICICIBANK.NS,0,0.15122163,0,No Jump
ICICIBANK.NS,0,0.17275637,0,No Jump
ICICIBANK.NS,0,0.2951008,1,Jump
ICICIBANK.NS,0,0.28543097,1,Jump
ICICIBANK.NS,0,0.24244165,0,No Jump
ICICIBANK.NS,0,0.23116042,0,No Jump
ICICIBANK.NS,1,0.27580747,1,Jump
ICICIBANK.NS,0,0.28320634,1,Jump
ICICIBANK.NS,1,0.2680575,1,Jump
ICICIBANK.NS,0,0.30604407,1,Jump
ICICIBANK.NS,0,0.2513022,0,No Jump
ICICIBANK.NS,1,0.27809635,1,Jump
ICICIBANK.NS,0,0.25049245,0,No Jump
ICICIBANK.NS,0,0.33398056,1,Jump
ICICIBANK.NS,0,0.28895986,1,Jump
ICICIBANK.NS,1,0.2438632,0,No Jump
ICICIBANK.NS,0,0.12093952,0,No Jump
ICICIBANK.NS,0,0.283786,1,Jump
ICICIBANK.NS,0,0.2487,0,No Jump
ICICIBANK.NS,0,0.27275595,1,Jump
ICICIBANK.NS,0,0.32354188,1,Jump
ICICIBANK.NS,0,0.2448823,0,No Jump
ICICIBANK.NS,0,0.2821004,1,Jump
ICICIBANK.NS,0,0.1854417,0,No Jump
ICICIBANK.NS,0,0.27887416,1,Jump
ICICIBANK.NS,0,0.24491277,0,No Jump
ICICIBANK.NS,1,0.32613596,1,Jump
ICICIBANK.NS,1,0.26323757,1,Jump
ICICIBANK.NS,0,0.1735209,0,No Jump
ICICIBANK.NS,0,0.18485703,0,No Jump
ICICIBANK.NS,0,0.26428387,1,Jump
ICICIBANK.NS,0,0.15448906,0,No Jump
ICICIBANK.NS,0,0.19671114,0,No Jump
ICICIBANK.NS,0,0.29302835,1,Jump
ICICIBANK.NS,0,0.2943408,1,Jump
ICICIBANK.NS,0,0.2155975,0,No Jump
ICICIBANK.NS,0,0.15837383,0,No Jump
ICICIBANK.NS,0,0.2172558,0,No Jump
ICICIBANK.NS,0,0.19981964,0,No Jump
ICICIBANK.NS,0,0.22194207,0,No Jump
ICICIBANK.NS,0,0.32658148,1,Jump
ICICIBANK.NS,0,0.20165913,0,No Jump
ICICIBANK.NS,0,0.2938322,1,Jump
ICICIBANK.NS,0,0.14279291,0,No Jump
ICICIBANK.NS,0,0.3404616,1,Jump
ICICIBANK.NS,0,0.32357973,1,Jump
ICICIBANK.NS,0,0.2473942,0,No Jump
ICICIBANK.NS,0,0.3080657,1,Jump
ICICIBANK.NS,0,0.1787186,0,No Jump
ICICIBANK.NS,0,0.30825835,1,Jump
ICICIBANK.NS,0,0.17860588,0,No Jump
ICICIBANK.NS,0,0.15418907,0,No Jump
ICICIBANK.NS,0,0.302608,1,Jump
ICICIBANK.NS,0,0.2640742,1,Jump
ICICIBANK.NS,0,0.3149634,1,Jump
ICICIBANK.NS,0,0.29634705,1,Jump
ICICIBANK.NS,0,0.2561912,0,No Jump
ICICIBANK.NS,0,0.23513746,0,No Jump
ICICIBANK.NS,0,0.1944883,0,No Jump
ICICIBANK.NS,1,0.41141114,1,Jump
ICICIBANK.NS,0,0.27020416,1,Jump
ICICIBANK.NS,0,0.2404922,0,No Jump
ICICIBANK.NS,0,0.3152432,1,Jump
ICICIBANK.NS,0,0.25208402,0,No Jump
ICICIBANK.NS,0,0.2670971,1,Jump
ICICIBANK.NS,0,0.25247478,0,No Jump
ICICIBANK.NS,0,0.19536726,0,No Jump
ICICIBANK.NS,0,0.1903509,0,No Jump
ICICIBANK.NS,0,0.18232654,0,No Jump
ICICIBANK.NS,1,0.19249848,0,No Jump
ICICIBANK.NS,0,0.27359882,1,Jump
ICICIBANK.NS,0,0.29735267,1,Jump
ICICIBANK.NS,1,0.27625683,1,Jump
ICICIBANK.NS,1,0.1884146,0,No Jump
ICICIBANK.NS,0,0.23320806,0,No Jump
ICICIBANK.NS,1,0.32038623,1,Jump
ICICIBANK.NS,0,0.20415872,0,No Jump
ICICIBANK.NS,0,0.1670597,0,No Jump
ICICIBANK.NS,0,0.11798182,0,No Jump
ICICIBANK.NS,0,0.22325493,0,No Jump
ICICIBANK.NS,0,0.10795496,0,No Jump
ICICIBANK.NS,0,0.20491685,0,No Jump
ICICIBANK.NS,0,0.19419561,0,No Jump
ICICIBANK.NS,1,0.2289609,0,No Jump
ICICIBANK.NS,0,0.2871602,1,Jump
ICICIBANK.NS,1,0.35094094,1,Jump
ICICIBANK.NS,0,0.24104916,0,No Jump
ICICIBANK.NS,0,0.24219225,0,No Jump
ICICIBANK.NS,0,0.2129566,0,No Jump
ICICIBANK.NS,0,0.33998713,1,Jump
ICICIBANK.NS,0,0.20933492,0,No Jump
ICICIBANK.NS,1,0.30099648,1,Jump
ICICIBANK.NS,0,0.32328922,1,Jump
ICICIBANK.NS,0,0.23295048,0,No Jump
ICICIBANK.NS,0,0.3010037,1,Jump
ICICIBANK.NS,0,0.24622956,0,No Jump
ICICIBANK.NS,1,0.14102593,0,No Jump
ICICIBANK.NS,0,0.29228938,1,Jump
ICICIBANK.NS,0,0.21951348,0,No Jump
ICICIBANK.NS,0,0.27088466,1,Jump
ICICIBANK.NS,0,0.1979525,0,No Jump
ICICIBANK.NS,0,0.3160814,1,Jump
ICICIBANK.NS,0,0.3143886,1,Jump
ICICIBANK.NS,1,0.19699574,0,No Jump
ICICIBANK.NS,0,0.16750492,0,No Jump
ICICIBANK.NS,1,0.32218048,1,Jump
ICICIBANK.NS,0,0.18429333,0,No Jump
ICICIBANK.NS,0,0.17481934,0,No Jump
ICICIBANK.NS,0,0.23792663,0,No Jump
ICICIBANK.NS,0,0.31824416,1,Jump
ICICIBANK.NS,0,0.25654176,0,No Jump
ICICIBANK.NS,0,0.26342672,1,Jump
ICICIBANK.NS,0,0.20356694,0,No Jump
ICICIBANK.NS,0,0.25301483,0,No Jump
ICICIBANK.NS,0,0.20055819,0,No Jump
ICICIBANK.NS,0,0.23124161,0,No Jump
ICICIBANK.NS,0,0.26804325,1,Jump
ICICIBANK.NS,1,0.2424151,0,No Jump
ICICIBANK.NS,0,0.17456572,0,No Jump
ICICIBANK.NS,1,0.25252068,0,No Jump
ICICIBANK.NS,0,0.35139406,1,Jump
ICICIBANK.NS,0,0.2815065,1,Jump
ICICIBANK.NS,0,0.24778052,0,No Jump
ICICIBANK.NS,0,0.28975174,1,Jump
ICICIBANK.NS,0,0.22863968,0,No Jump
ICICIBANK.NS,0,0.27289984,1,Jump
ICICIBANK.NS,0,0.15500395,0,No Jump
ICICIBANK.NS,1,0.26858866,1,Jump
ICICIBANK.NS,0,0.17075716,0,No Jump
ICICIBANK.NS,0,0.2056428,0,No Jump
ICICIBANK.NS,0,0.21427147,0,No Jump
ICICIBANK.NS,1,0.30838287,1,Jump
ICICIBANK.NS,0,0.15349223,0,No Jump
ICICIBANK.NS,0,0.31985417,1,Jump
ICICIBANK.NS,0,0.3371555,1,Jump
ICICIBANK.NS,0,0.24808712,0,No Jump
ICICIBANK.NS,0,0.2910496,1,Jump
ICICIBANK.NS,0,0.23362537,0,No Jump
ICICIBANK.NS,0,0.15015432,0,No Jump
ICICIBANK.NS,0,0.32682997,1,Jump
ICICIBANK.NS,0,0.14039502,0,No Jump
ICICIBANK.NS,0,0.23363045,0,No Jump
ICICIBANK.NS,0,0.31472325,1,Jump
ICICIBANK.NS,0,0.19506894,0,No Jump
ICICIBANK.NS,0,0.1887028,0,No Jump
ICICIBANK.NS,0,0.3168898,1,Jump
ICICIBANK.NS,0,0.24380936,0,No Jump
ICICIBANK.NS,0,0.22540852,0,No Jump
ICICIBANK.NS,0,0.25300416,0,No Jump
ICICIBANK.NS,0,0.14797105,0,No Jump
ICICIBANK.NS,0,0.12240363,0,No Jump
ICICIBANK.NS,0,0.17979401,0,No Jump
ICICIBANK.NS,0,0.26583302,1,Jump
ICICIBANK.NS,1,0.3527507,1,Jump
ICICIBANK.NS,0,0.21201362,0,No Jump
ICICIBANK.NS,0,0.28627372,1,Jump
ICICIBANK.NS,1,0.3001384,1,Jump
ICICIBANK.NS,1,0.31077227,1,Jump
ICICIBANK.NS,0,0.30101845,1,Jump
ICICIBANK.NS,0,0.20986463,0,No Jump
ICICIBANK.NS,0,0.14468187,0,No Jump
ICICIBANK.NS,0,0.22751394,0,No Jump
ICICIBANK.NS,0,0.21880144,0,No Jump
ICICIBANK.NS,0,0.31892437,1,Jump
ICICIBANK.NS,1,0.3900677,1,Jump
ICICIBANK.NS,0,0.15538283,0,No Jump
ICICIBANK.NS,0,0.30226377,1,Jump
ICICIBANK.NS,0,0.27687058,1,Jump
ICICIBANK.NS,0,0.2953321,1,Jump
ICICIBANK.NS,0,0.23803438,0,No Jump
ICICIBANK.NS,0,0.27938017,1,Jump
ICICIBANK.NS,0,0.22743973,0,No Jump
ICICIBANK.NS,0,0.2974007,1,Jump
ICICIBANK.NS,0,0.32002905,1,Jump
ICICIBANK.NS,0,0.23149198,0,No Jump
ICICIBANK.NS,0,0.18702358,0,No Jump
ICICIBANK.NS,0,0.21670914,0,No Jump
ICICIBANK.NS,0,0.27135444,1,Jump
ICICIBANK.NS,1,0.3103278,1,Jump
ICICIBANK.NS,0,0.3516537,1,Jump
ICICIBANK.NS,0,0.26094866,1,Jump
ICICIBANK.NS,0,0.24432229,0,No Jump
ICICIBANK.NS,1,0.34918174,1,Jump
ICICIBANK.NS,0,0.2618174,1,Jump
ICICIBANK.NS,0,0.25041065,0,No Jump
ICICIBANK.NS,0,0.28011644,1,Jump
ICICIBANK.NS,0,0.23740949,0,No Jump
ICICIBANK.NS,1,0.30831522,1,Jump
ICICIBANK.NS,0,0.25300944,0,No Jump
ICICIBANK.NS,0,0.2281331,0,No Jump
ICICIBANK.NS,0,0.30529165,1,Jump
ICICIBANK.NS,0,0.27422577,1,Jump
ICICIBANK.NS,0,0.29534847,1,Jump
ICICIBANK.NS,0,0.24132979,0,No Jump
ICICIBANK.NS,0,0.28764036,1,Jump
ICICIBANK.NS,1,0.3497246,1,Jump
ICICIBANK.NS,0,0.21646512,0,No Jump
ICICIBANK.NS,0,0.29218656,1,Jump
ICICIBANK.NS,0,0.2822087,1,Jump
ICICIBANK.NS,0,0.24845965,0,No Jump
ICICIBANK.NS,0,0.19285065,0,No Jump
ICICIBANK.NS,0,0.15636803,0,No Jump
ICICIBANK.NS,0,0.28199565,1,Jump
ICICIBANK.NS,0,0.18424414,0,No Jump
ICICIBANK.NS,0,0.32724816,1,Jump
ICICIBANK.NS,0,0.28825277,1,Jump
ICICIBANK.NS,0,0.24864335,0,No Jump
ICICIBANK.NS,1,0.3648906,1,Jump
ICICIBANK.NS,0,0.25622377,0,No Jump
ICICIBANK.NS,0,0.12471873,0,No Jump
ICICIBANK.NS,0,0.14534505,0,No Jump
ICICIBANK.NS,0,0.25661054,0,No Jump
ICICIBANK.NS,0,0.24607395,0,No Jump
ICICIBANK.NS,0,0.23787273,0,No Jump
ICICIBANK.NS,0,0.30812413,1,Jump
ICICIBANK.NS,0,0.2862937,1,Jump
ICICIBANK.NS,1,0.22248504,0,No Jump
ICICIBANK.NS,0,0.26280883,1,Jump
ICICIBANK.NS,0,0.20636934,0,No Jump
ICICIBANK.NS,0,0.17504697,0,No Jump
ICICIBANK.NS,0,0.19808978,0,No Jump
ICICIBANK.NS,0,0.15423459,0,No Jump
ICICIBANK.NS,0,0.13669315,0,No Jump
ICICIBANK.NS,0,0.1906367,0,No Jump
ICICIBANK.NS,0,0.24373534,0,No Jump
ICICIBANK.NS,1,0.28155112,1,Jump
ICICIBANK.NS,0,0.24323595,0,No Jump
ICICIBANK.NS,0,0.20846649,0,No Jump
ICICIBANK.NS,0,0.21052681,0,No Jump
ICICIBANK.NS,0,0.28001803,1,Jump
ICICIBANK.NS,0,0.23461936,0,No Jump
ICICIBANK.NS,0,0.2585979,0,No Jump
ICICIBANK.NS,1,0.348505,1,Jump
ICICIBANK.NS,1,0.28744447,1,Jump
ICICIBANK.NS,0,0.2736601,1,Jump
ICICIBANK.NS,1,0.32006884,1,Jump
ICICIBANK.NS,0,0.31452176,1,Jump
ICICIBANK.NS,0,0.27743122,1,Jump
ICICIBANK.NS,0,0.26876333,1,Jump
ICICIBANK.NS,0,0.29022092,1,Jump
ICICIBANK.NS,0,0.2542998,0,No Jump
ICICIBANK.NS,0,0.34969103,1,Jump
ICICIBANK.NS,0,0.14325292,0,No Jump
ICICIBANK.NS,0,0.17804079,0,No Jump
ICICIBANK.NS,0,0.20534456,0,No Jump
ICICIBANK.NS,1,0.26887298,1,Jump
ICICIBANK.NS,0,0.19761951,0,No Jump
ICICIBANK.NS,0,0.26982164,1,Jump
ICICIBANK.NS,1,0.29358214,1,Jump
ICICIBANK.NS,0,0.25598738,0,No Jump
ICICIBANK.NS,0,0.25477794,0,No Jump
ICICIBANK.NS,0,0.29717636,1,Jump
ICICIBANK.NS,0,0.18201058,0,No Jump
ICICIBANK.NS,0,0.34424764,1,Jump
ICICIBANK.NS,0,0.23943102,0,No Jump
ICICIBANK.NS,0,0.19930191,0,No Jump
ICICIBANK.NS,0,0.3281289,1,Jump
ICICIBANK.NS,0,0.29206872,1,Jump
ICICIBANK.NS,0,0.28032088,1,Jump
ICICIBANK.NS,0,0.2640389,1,Jump
ICICIBANK.NS,0,0.16435015,0,No Jump
ICICIBANK.NS,0,0.2399481,0,No Jump
ICICIBANK.NS,0,0.2877798,1,Jump
ICICIBANK.NS,0,0.18831597,0,No Jump
ICICIBANK.NS,0,0.34227458,1,Jump
ICICIBANK.NS,0,0.264174,1,Jump
ICICIBANK.NS,0,0.31869206,1,Jump
ICICIBANK.NS,0,0.19490008,0,No Jump
ICICIBANK.NS,0,0.3183085,1,Jump
ICICIBANK.NS,0,0.22153959,0,No Jump
ICICIBANK.NS,1,0.32536,1,Jump
ICICIBANK.NS,0,0.1740819,0,No Jump
ICICIBANK.NS,0,0.15426223,0,No Jump
ICICIBANK.NS,1,0.27828914,1,Jump
ICICIBANK.NS,0,0.24930249,0,No Jump
ICICIBANK.NS,0,0.18310818,0,No Jump
ICICIBANK.NS,0,0.2218762,0,No Jump
ICICIBANK.NS,0,0.2394792,0,No Jump
ICICIBANK.NS,0,0.24024211,0,No Jump
ICICIBANK.NS,1,0.26623526,1,Jump
ICICIBANK.NS,0,0.32247943,1,Jump
ICICIBANK.NS,0,0.24347685,0,No Jump
ICICIBANK.NS,1,0.3000582,1,Jump
ICICIBANK.NS,0,0.27869657,1,Jump
ICICIBANK.NS,0,0.2987331,1,Jump
ICICIBANK.NS,0,0.20350808,0,No Jump
ICICIBANK.NS,0,0.27323866,1,Jump
ICICIBANK.NS,0,0.20592184,0,No Jump
ICICIBANK.NS,0,0.3035175,1,Jump
ICICIBANK.NS,0,0.27194586,1,Jump
ICICIBANK.NS,0,0.23155877,0,No Jump
ICICIBANK.NS,0,0.21842852,0,No Jump
ICICIBANK.NS,0,0.32043412,1,Jump
ICICIBANK.NS,0,0.341638,1,Jump
ICICIBANK.NS,1,0.3447775,1,Jump
ICICIBANK.NS,0,0.21004298,0,No Jump
ICICIBANK.NS,1,0.29179233,1,Jump
ICICIBANK.NS,0,0.28907585,1,Jump
ICICIBANK.NS,0,0.3312964,1,Jump
ICICIBANK.NS,0,0.22803785,0,No Jump
ICICIBANK.NS,0,0.32709315,1,Jump
ICICIBANK.NS,0,0.22674699,0,No Jump
ICICIBANK.NS,0,0.3253421,1,Jump
ICICIBANK.NS,0,0.20487605,0,No Jump
ICICIBANK.NS,0,0.10546713,0,No Jump
ICICIBANK.NS,0,0.26066616,1,Jump
ICICIBANK.NS,0,0.25672096,0,No Jump
ICICIBANK.NS,0,0.29524556,1,Jump
ICICIBANK.NS,1,0.18248314,0,No Jump
ICICIBANK.NS,0,0.27950734,1,Jump
ICICIBANK.NS,1,0.19477166,0,No Jump
ICICIBANK.NS,0,0.25573868,0,No Jump
ICICIBANK.NS,0,0.2875905,1,Jump
ICICIBANK.NS,0,0.21322787,0,No Jump
ICICIBANK.NS,0,0.29005924,1,Jump
ICICIBANK.NS,0,0.18021986,0,No Jump
ICICIBANK.NS,0,0.27374253,1,Jump
ICICIBANK.NS,0,0.27674308,1,Jump
ICICIBANK.NS,0,0.27305287,1,Jump
ICICIBANK.NS,0,0.28151914,1,Jump
ICICIBANK.NS,0,0.19392376,0,No Jump
ICICIBANK.NS,0,0.24257892,0,No Jump
ICICIBANK.NS,0,0.22838852,0,No Jump
ICICIBANK.NS,0,0.22481313,0,No Jump
ICICIBANK.NS,0,0.1453449,0,No Jump
ICICIBANK.NS,0,0.13856718,0,No Jump
ICICIBANK.NS,0,0.19641592,0,No Jump
ICICIBANK.NS,0,0.20632152,0,No Jump
ICICIBANK.NS,0,0.29882503,1,Jump
ICICIBANK.NS,0,0.1897121,0,No Jump
ICICIBANK.NS,0,0.2889099,1,Jump
ICICIBANK.NS,0,0.28711432,1,Jump
ICICIBANK.NS,0,0.34605655,1,Jump
ICICIBANK.NS,0,0.18147424,0,No Jump
ICICIBANK.NS,0,0.29586235,1,Jump
ICICIBANK.NS,1,0.27529195,1,Jump
ICICIBANK.NS,0,0.17020476,0,No Jump
ICICIBANK.NS,1,0.27075204,1,Jump
ICICIBANK.NS,0,0.29154116,1,Jump
ICICIBANK.NS,0,0.26067987,1,Jump
ICICIBANK.NS,0,0.24934322,0,No Jump
ICICIBANK.NS,0,0.21485686,0,No Jump
ICICIBANK.NS,0,0.23896469,0,No Jump
ICICIBANK.NS,0,0.1964357,0,No Jump
ICICIBANK.NS,0,0.18966569,0,No Jump
ICICIBANK.NS,0,0.19220401,0,No Jump
ICICIBANK.NS,0,0.26100433,1,Jump
ICICIBANK.NS,0,0.20169766,0,No Jump
ICICIBANK.NS,0,0.2336788,0,No Jump
ICICIBANK.NS,1,0.35112515,1,Jump
ICICIBANK.NS,0,0.23684795,0,No Jump
ICICIBANK.NS,0,0.30592826,1,Jump
ICICIBANK.NS,0,0.24816862,0,No Jump
ICICIBANK.NS,0,0.2515045,0,No Jump
ICICIBANK.NS,0,0.22826156,0,No Jump
ICICIBANK.NS,0,0.16303119,0,No Jump
ICICIBANK.NS,1,0.32697213,1,Jump
ICICIBANK.NS,0,0.33921334,1,Jump
ICICIBANK.NS,1,0.23997541,0,No Jump
ICICIBANK.NS,0,0.2817148,1,Jump
ICICIBANK.NS,0,0.32020634,1,Jump
ICICIBANK.NS,1,0.22789218,0,No Jump
ICICIBANK.NS,0,0.19773558,0,No Jump
ICICIBANK.NS,1,0.2193609,0,No Jump
ICICIBANK.NS,0,0.14824896,0,No Jump
ICICIBANK.NS,0,0.22603577,0,No Jump
ICICIBANK.NS,0,0.3124375,1,Jump
ICICIBANK.NS,0,0.24410342,0,No Jump
ICICIBANK.NS,0,0.32142833,1,Jump
ICICIBANK.NS,0,0.15706916,0,No Jump
ICICIBANK.NS,0,0.32103837,1,Jump
ICICIBANK.NS,0,0.28490788,1,Jump
ICICIBANK.NS,0,0.34064892,1,Jump
ICICIBANK.NS,1,0.31075954,1,Jump
ICICIBANK.NS,0,0.3167375,1,Jump
ICICIBANK.NS,0,0.27904415,1,Jump
ICICIBANK.NS,0,0.1511102,0,No Jump
ICICIBANK.NS,0,0.2503316,0,No Jump
ICICIBANK.NS,0,0.35524473,1,Jump
ICICIBANK.NS,0,0.31004417,1,Jump
ICICIBANK.NS,0,0.15816455,0,No Jump
ICICIBANK.NS,0,0.32925433,1,Jump
ICICIBANK.NS,0,0.13812174,0,No Jump
ICICIBANK.NS,0,0.24235484,0,No Jump
ICICIBANK.NS,0,0.23934837,0,No Jump
ICICIBANK.NS,0,0.25375047,0,No Jump
ICICIBANK.NS,0,0.15654427,0,No Jump
ICICIBANK.NS,1,0.31500015,1,Jump
ICICIBANK.NS,0,0.2747288,1,Jump
ICICIBANK.NS,0,0.22919062,0,No Jump
ICICIBANK.NS,0,0.2189027,0,No Jump
ICICIBANK.NS,0,0.19803411,0,No Jump
ICICIBANK.NS,0,0.3213366,1,Jump
ICICIBANK.NS,0,0.30175886,1,Jump
ICICIBANK.NS,0,0.2565718,0,No Jump
ICICIBANK.NS,0,0.30635482,1,Jump
ICICIBANK.NS,0,0.3124934,1,Jump
ICICIBANK.NS,0,0.26276642,1,Jump
ICICIBANK.NS,0,0.30799395,1,Jump
ICICIBANK.NS,0,0.32847044,1,Jump
ICICIBANK.NS,0,0.33406267,1,Jump
ICICIBANK.NS,0,0.22874965,0,No Jump
ICICIBANK.NS,0,0.19306023,0,No Jump
ICICIBANK.NS,0,0.31006566,1,Jump
ICICIBANK.NS,0,0.29050744,1,Jump
ICICIBANK.NS,0,0.3113599,1,Jump
ICICIBANK.NS,0,0.17567712,0,No Jump
ICICIBANK.NS,0,0.2944191,1,Jump
ICICIBANK.NS,1,0.19753331,0,No Jump
ICICIBANK.NS,1,0.27292377,1,Jump
ICICIBANK.NS,0,0.28494152,1,Jump
ICICIBANK.NS,0,0.25061575,0,No Jump
ICICIBANK.NS,0,0.2585683,0,No Jump
ICICIBANK.NS,0,0.33509097,1,Jump
ICICIBANK.NS,0,0.27649975,1,Jump
ICICIBANK.NS,0,0.2721342,1,Jump
ICICIBANK.NS,0,0.13670592,0,No Jump
ICICIBANK.NS,1,0.32725558,1,Jump
ICICIBANK.NS,0,0.30580795,1,Jump
ICICIBANK.NS,0,0.1996205,0,No Jump
ICICIBANK.NS,0,0.14653388,0,No Jump
ICICIBANK.NS,0,0.34851992,1,Jump
ICICIBANK.NS,0,0.25205082,0,No Jump
ICICIBANK.NS,1,0.21302125,0,No Jump
ICICIBANK.NS,1,0.32391605,1,Jump
ICICIBANK.NS,0,0.25805134,0,No Jump
ICICIBANK.NS,0,0.25736123,0,No Jump
ICICIBANK.NS,0,0.23710221,0,No Jump
ICICIBANK.NS,1,0.2431887,0,No Jump
ICICIBANK.NS,0,0.29380286,1,Jump
ICICIBANK.NS,1,0.16729726,0,No Jump
ICICIBANK.NS,0,0.17236862,0,No Jump
ICICIBANK.NS,0,0.28655034,1,Jump
ICICIBANK.NS,0,0.27231324,1,Jump
ICICIBANK.NS,0,0.29961318,1,Jump
ICICIBANK.NS,0,0.25469896,0,No Jump
ICICIBANK.NS,0,0.20179819,0,No Jump
ICICIBANK.NS,1,0.32232133,1,Jump
ICICIBANK.NS,1,0.22304718,0,No Jump
ICICIBANK.NS,0,0.26508328,1,Jump
ICICIBANK.NS,0,0.16754529,0,No Jump
ICICIBANK.NS,0,0.1665724,0,No Jump
ICICIBANK.NS,1,0.27183357,1,Jump
ICICIBANK.NS,0,0.29855388,1,Jump
ICICIBANK.NS,0,0.20765176,0,No Jump
ICICIBANK.NS,0,0.28693682,1,Jump
ICICIBANK.NS,0,0.31429067,1,Jump
ICICIBANK.NS,0,0.20652674,0,No Jump
ICICIBANK.NS,0,0.2949577,1,Jump
ICICIBANK.NS,0,0.252709,0,No Jump
ICICIBANK.NS,0,0.30741376,1,Jump
ICICIBANK.NS,0,0.29256472,1,Jump
ICICIBANK.NS,0,0.31153342,1,Jump
ICICIBANK.NS,1,0.2785353,1,Jump
ICICIBANK.NS,0,0.21390837,0,No Jump
ICICIBANK.NS,0,0.24325883,0,No Jump
ICICIBANK.NS,1,0.13705207,0,No Jump
ICICIBANK.NS,0,0.31671944,1,Jump
ICICIBANK.NS,0,0.22398384,0,No Jump
ICICIBANK.NS,0,0.25745293,0,No Jump
ICICIBANK.NS,0,0.28777063,1,Jump
ICICIBANK.NS,0,0.20956665,0,No Jump
ICICIBANK.NS,0,0.25864553,0,No Jump
ICICIBANK.NS,0,0.3452041,1,Jump
ICICIBANK.NS,0,0.22132017,0,No Jump
ICICIBANK.NS,0,0.41079116,1,Jump
ICICIBANK.NS,0,0.19760346,0,No Jump
ICICIBANK.NS,0,0.21907087,0,No Jump
ICICIBANK.NS,0,0.3356601,1,Jump
ICICIBANK.NS,0,0.23080431,0,No Jump
ICICIBANK.NS,0,0.23615369,0,No Jump
ICICIBANK.NS,0,0.20294325,0,No Jump
ICICIBANK.NS,0,0.23056917,0,No Jump
ICICIBANK.NS,0,0.3192942,1,Jump
ICICIBANK.NS,0,0.25132295,0,No Jump
ICICIBANK.NS,0,0.24576321,0,No Jump
ICICIBANK.NS,0,0.16446435,0,No Jump
ICICIBANK.NS,0,0.21562196,0,No Jump
ICICIBANK.NS,0,0.25040042,0,No Jump
ICICIBANK.NS,0,0.2675472,1,Jump
ICICIBANK.NS,0,0.22649965,0,No Jump
ICICIBANK.NS,0,0.2615567,1,Jump
ICICIBANK.NS,1,0.24335988,0,No Jump
ICICIBANK.NS,0,0.19774897,0,No Jump
ICICIBANK.NS,1,0.22230949,0,No Jump
ICICIBANK.NS,0,0.18244237,0,No Jump
ICICIBANK.NS,0,0.16325736,0,No Jump
ICICIBANK.NS,0,0.27091858,1,Jump
ICICIBANK.NS,0,0.27590212,1,Jump
ICICIBANK.NS,1,0.28511792,1,Jump
ICICIBANK.NS,0,0.28366104,1,Jump
ICICIBANK.NS,0,0.16103163,0,No Jump
ICICIBANK.NS,0,0.29256642,1,Jump
ICICIBANK.NS,0,0.2871436,1,Jump
ICICIBANK.NS,0,0.34016368,1,Jump
ICICIBANK.NS,1,0.17189838,0,No Jump
ICICIBANK.NS,0,0.34540918,1,Jump
ICICIBANK.NS,0,0.2151002,0,No Jump
ICICIBANK.NS,0,0.31650993,1,Jump
ICICIBANK.NS,0,0.26721275,1,Jump
ICICIBANK.NS,1,0.31743684,1,Jump
ICICIBANK.NS,0,0.18495917,0,No Jump
ICICIBANK.NS,0,0.29444948,1,Jump
ICICIBANK.NS,0,0.3516693,1,Jump
ICICIBANK.NS,0,0.1961451,0,No Jump
ICICIBANK.NS,0,0.24588126,0,No Jump
ICICIBANK.NS,0,0.15045252,0,No Jump
ICICIBANK.NS,0,0.28565416,1,Jump
ICICIBANK.NS,0,0.2421228,0,No Jump
ICICIBANK.NS,0,0.2790062,1,Jump
ICICIBANK.NS,0,0.22758561,0,No Jump
ICICIBANK.NS,0,0.30523,1,Jump
ICICIBANK.NS,0,0.15555434,0,No Jump
ICICIBANK.NS,0,0.1666849,0,No Jump
ICICIBANK.NS,1,0.34459847,1,Jump
ICICIBANK.NS,0,0.25215653,0,No Jump
ICICIBANK.NS,0,0.20107186,0,No Jump
ICICIBANK.NS,0,0.31038526,1,Jump
ICICIBANK.NS,0,0.27829006,1,Jump
ICICIBANK.NS,0,0.2756218,1,Jump
ICICIBANK.NS,0,0.2418295,0,No Jump
ICICIBANK.NS,0,0.19922116,0,No Jump
ICICIBANK.NS,0,0.21682669,0,No Jump
ICICIBANK.NS,0,0.23565175,0,No Jump
ICICIBANK.NS,1,0.30041605,1,Jump
ICICIBANK.NS,0,0.13523102,0,No Jump
ICICIBANK.NS,0,0.12969068,0,No Jump
ICICIBANK.NS,0,0.31191415,1,Jump
ICICIBANK.NS,0,0.2728247,1,Jump
ICICIBANK.NS,1,0.2411405,0,No Jump
ICICIBANK.NS,0,0.32029355,1,Jump
ICICIBANK.NS,0,0.3200193,1,Jump
ICICIBANK.NS,0,0.30883595,1,Jump
ICICIBANK.NS,1,0.3016066,1,Jump
ICICIBANK.NS,0,0.31968957,1,Jump
ICICIBANK.NS,0,0.20943213,0,No Jump
ICICIBANK.NS,0,0.28998464,1,Jump
ICICIBANK.NS,1,0.28899816,1,Jump
ICICIBANK.NS,0,0.2611255,1,Jump
ICICIBANK.NS,0,0.20481163,0,No Jump
ICICIBANK.NS,0,0.31075853,1,Jump
ICICIBANK.NS,0,0.25726432,0,No Jump
ICICIBANK.NS,0,0.24487768,0,No Jump
ICICIBANK.NS,1,0.29072022,1,Jump
ICICIBANK.NS,0,0.33022517,1,Jump
ICICIBANK.NS,0,0.2869008,1,Jump
ICICIBANK.NS,0,0.18294615,0,No Jump
ICICIBANK.NS,0,0.30588976,1,Jump
ICICIBANK.NS,0,0.30352262,1,Jump
ICICIBANK.NS,0,0.2325243,0,No Jump
ICICIBANK.NS,1,0.22514509,0,No Jump
ICICIBANK.NS,0,0.3359313,1,Jump
ICICIBANK.NS,0,0.1616137,0,No Jump
ICICIBANK.NS,0,0.21825977,0,No Jump
ICICIBANK.NS,0,0.3152383,1,Jump
ICICIBANK.NS,0,0.24789451,0,No Jump
ICICIBANK.NS,0,0.27112255,1,Jump
ICICIBANK.NS,0,0.34851867,1,Jump
ICICIBANK.NS,0,0.3229473,1,Jump
ICICIBANK.NS,0,0.22320825,0,No Jump
ICICIBANK.NS,1,0.26231286,1,Jump
ICICIBANK.NS,0,0.27904996,1,Jump
ICICIBANK.NS,0,0.17706722,0,No Jump
ICICIBANK.NS,0,0.24773741,0,No Jump
ICICIBANK.NS,0,0.3155388,1,Jump
ICICIBANK.NS,0,0.3218022,1,Jump
ICICIBANK.NS,0,0.3724968,1,Jump
ICICIBANK.NS,0,0.30464628,1,Jump
ICICIBANK.NS,0,0.18778875,0,No Jump
ICICIBANK.NS,0,0.19208774,0,No Jump
ICICIBANK.NS,1,0.30739784,1,Jump
ICICIBANK.NS,0,0.34954473,1,Jump
ICICIBANK.NS,0,0.23065145,0,No Jump
ICICIBANK.NS,0,0.31565976,1,Jump
ICICIBANK.NS,0,0.23843668,0,No Jump
ICICIBANK.NS,0,0.32080808,1,Jump
ICICIBANK.NS,1,0.3322832,1,Jump
ICICIBANK.NS,1,0.28957912,1,Jump
ICICIBANK.NS,0,0.29276538,1,Jump
ICICIBANK.NS,0,0.20070761,0,No Jump
ICICIBANK.NS,0,0.32431912,1,Jump
ICICIBANK.NS,0,0.29988924,1,Jump
ICICIBANK.NS,0,0.30446208,1,Jump
ICICIBANK.NS,0,0.17739332,0,No Jump
ICICIBANK.NS,0,0.30184337,1,Jump
ICICIBANK.NS,0,0.34884095,1,Jump
ICICIBANK.NS,0,0.32369763,1,Jump
ICICIBANK.NS,0,0.21652849,0,No Jump
ICICIBANK.NS,0,0.15040806,0,No Jump
ICICIBANK.NS,0,0.2911404,1,Jump
ICICIBANK.NS,0,0.21079704,0,No Jump
ICICIBANK.NS,0,0.15620774,0,No Jump
ICICIBANK.NS,0,0.2740421,1,Jump
ICICIBANK.NS,0,0.21373191,0,No Jump
ICICIBANK.NS,0,0.18103786,0,No Jump
ICICIBANK.NS,0,0.27436343,1,Jump
ICICIBANK.NS,0,0.32102832,1,Jump
ICICIBANK.NS,1,0.31155312,1,Jump
ICICIBANK.NS,0,0.30338567,1,Jump
ICICIBANK.NS,0,0.3409382,1,Jump
ICICIBANK.NS,0,0.15975998,0,No Jump
ICICIBANK.NS,0,0.31904116,1,Jump
ICICIBANK.NS,0,0.18852225,0,No Jump
ICICIBANK.NS,0,0.3195344,1,Jump
ICICIBANK.NS,0,0.16996887,0,No Jump
ICICIBANK.NS,0,0.23704669,0,No Jump
ICICIBANK.NS,0,0.22830383,0,No Jump
ICICIBANK.NS,0,0.16421472,0,No Jump
ICICIBANK.NS,0,0.27696127,1,Jump
ICICIBANK.NS,1,0.19609423,0,No Jump
ICICIBANK.NS,0,0.20603992,0,No Jump
ICICIBANK.NS,0,0.19881764,0,No Jump
ICICIBANK.NS,0,0.23650356,0,No Jump
ICICIBANK.NS,0,0.2196376,0,No Jump
ICICIBANK.NS,0,0.12540309,0,No Jump
ICICIBANK.NS,0,0.28636923,1,Jump
ICICIBANK.NS,0,0.2297638,0,No Jump
ICICIBANK.NS,1,0.28921983,1,Jump
ICICIBANK.NS,0,0.29448736,1,Jump
ICICIBANK.NS,0,0.16072437,0,No Jump
ICICIBANK.NS,0,0.13440345,0,No Jump
ICICIBANK.NS,0,0.21014194,0,No Jump
ICICIBANK.NS,0,0.18266629,0,No Jump
ICICIBANK.NS,0,0.17138728,0,No Jump
ICICIBANK.NS,0,0.17082992,0,No Jump
ICICIBANK.NS,0,0.19183786,0,No Jump
ICICIBANK.NS,1,0.26073694,1,Jump
ICICIBANK.NS,0,0.27451727,1,Jump
ICICIBANK.NS,0,0.30491036,1,Jump
ICICIBANK.NS,0,0.24411434,0,No Jump
ICICIBANK.NS,0,0.17629588,0,No Jump
ICICIBANK.NS,0,0.2134095,0,No Jump
ICICIBANK.NS,0,0.21856445,0,No Jump
ICICIBANK.NS,0,0.15697451,0,No Jump
ICICIBANK.NS,0,0.2316624,0,No Jump
ICICIBANK.NS,0,0.2164758,0,No Jump
ICICIBANK.NS,1,0.2507807,0,No Jump
ICICIBANK.NS,1,0.29481596,1,Jump
ICICIBANK.NS,0,0.3327581,1,Jump
ICICIBANK.NS,0,0.27883062,1,Jump
ICICIBANK.NS,0,0.26122427,1,Jump
ICICIBANK.NS,0,0.21608022,0,No Jump
ICICIBANK.NS,0,0.17390028,0,No Jump
ICICIBANK.NS,0,0.19359696,0,No Jump
ICICIBANK.NS,0,0.2628401,1,Jump
ICICIBANK.NS,0,0.19637866,0,No Jump
ICICIBANK.NS,1,0.15160553,0,No Jump
ICICIBANK.NS,1,0.28596294,1,Jump
ICICIBANK.NS,0,0.3042487,1,Jump
ICICIBANK.NS,0,0.16909194,0,No Jump
ICICIBANK.NS,0,0.1722047,0,No Jump
ICICIBANK.NS,0,0.16497186,0,No Jump
ICICIBANK.NS,0,0.26655746,1,Jump
ICICIBANK.NS,0,0.2377987,0,No Jump
ICICIBANK.NS,0,0.25481486,0,No Jump
ICICIBANK.NS,0,0.29923004,1,Jump
ICICIBANK.NS,0,0.27899653,1,Jump
ICICIBANK.NS,0,0.16686752,0,No Jump
ICICIBANK.NS,0,0.26512837,1,Jump
ICICIBANK.NS,0,0.17881379,0,No Jump
ICICIBANK.NS,0,0.3283955,1,Jump
ICICIBANK.NS,0,0.2562308,0,No Jump
ICICIBANK.NS,0,0.27017137,1,Jump
ICICIBANK.NS,0,0.16816345,0,No Jump
ICICIBANK.NS,1,0.2876846,1,Jump
ICICIBANK.NS,1,0.28493515,1,Jump
ICICIBANK.NS,0,0.19497144,0,No Jump
ICICIBANK.NS,0,0.25924748,0,No Jump
ICICIBANK.NS,0,0.17430918,0,No Jump
ICICIBANK.NS,1,0.2745791,1,Jump
ICICIBANK.NS,0,0.18031098,0,No Jump
ICICIBANK.NS,0,0.2043595,0,No Jump
ICICIBANK.NS,0,0.14862163,0,No Jump
ICICIBANK.NS,0,0.32095686,1,Jump
ICICIBANK.NS,0,0.20067471,0,No Jump
ICICIBANK.NS,0,0.17040269,0,No Jump
ICICIBANK.NS,0,0.2703235,1,Jump
ICICIBANK.NS,0,0.10655344,0,No Jump
ICICIBANK.NS,0,0.22458944,0,No Jump
ICICIBANK.NS,0,0.34500715,1,Jump
ICICIBANK.NS,0,0.32308695,1,Jump
ICICIBANK.NS,0,0.30141556,1,Jump
ICICIBANK.NS,0,0.29362932,1,Jump
ICICIBANK.NS,0,0.23699164,0,No Jump
ICICIBANK.NS,0,0.17220543,0,No Jump
ICICIBANK.NS,0,0.31567407,1,Jump
ICICIBANK.NS,0,0.29814455,1,Jump
ICICIBANK.NS,0,0.3195338,1,Jump
ICICIBANK.NS,0,0.22021385,0,No Jump
ICICIBANK.NS,0,0.25719962,0,No Jump
ICICIBANK.NS,0,0.1361651,0,No Jump
ICICIBANK.NS,0,0.23753203,0,No Jump
ICICIBANK.NS,0,0.2505738,0,No Jump
ICICIBANK.NS,0,0.28843904,1,Jump
ICICIBANK.NS,0,0.2290024,0,No Jump
ICICIBANK.NS,0,0.24456818,0,No Jump
ICICIBANK.NS,0,0.254595,0,No Jump
ICICIBANK.NS,0,0.29260042,1,Jump
ICICIBANK.NS,0,0.21131134,0,No Jump
ICICIBANK.NS,0,0.20647287,0,No Jump
ICICIBANK.NS,1,0.30953455,1,Jump
ICICIBANK.NS,0,0.3168982,1,Jump
ICICIBANK.NS,0,0.30536878,1,Jump
ICICIBANK.NS,0,0.19666427,0,No Jump
ICICIBANK.NS,0,0.22728468,0,No Jump
ICICIBANK.NS,0,0.2866616,1,Jump
ICICIBANK.NS,0,0.21933477,0,No Jump
ICICIBANK.NS,0,0.29834822,1,Jump
ICICIBANK.NS,1,0.25425202,0,No Jump
ICICIBANK.NS,1,0.23171636,0,No Jump
ICICIBANK.NS,0,0.19923858,0,No Jump
ICICIBANK.NS,0,0.16989876,0,No Jump
ICICIBANK.NS,0,0.2300668,0,No Jump
ICICIBANK.NS,0,0.27065668,1,Jump
ICICIBANK.NS,0,0.34686404,1,Jump
ICICIBANK.NS,0,0.3532641,1,Jump
ICICIBANK.NS,0,0.14281732,0,No Jump
ICICIBANK.NS,0,0.30551368,1,Jump
ICICIBANK.NS,0,0.2589682,0,No Jump
ICICIBANK.NS,0,0.34412417,1,Jump
ICICIBANK.NS,0,0.23906302,0,No Jump
ICICIBANK.NS,0,0.16890423,0,No Jump
ICICIBANK.NS,0,0.2571164,0,No Jump
ICICIBANK.NS,0,0.27982062,1,Jump
ICICIBANK.NS,0,0.352249,1,Jump
ICICIBANK.NS,0,0.3115728,1,Jump
ICICIBANK.NS,0,0.25558236,0,No Jump
ICICIBANK.NS,0,0.34262818,1,Jump
ICICIBANK.NS,0,0.34368584,1,Jump
ICICIBANK.NS,0,0.14830157,0,No Jump
ICICIBANK.NS,0,0.3087587,1,Jump
ICICIBANK.NS,0,0.31471768,1,Jump
ICICIBANK.NS,0,0.28533712,1,Jump
ICICIBANK.NS,0,0.22639456,0,No Jump
ICICIBANK.NS,0,0.24732456,0,No Jump
ICICIBANK.NS,0,0.3455387,1,Jump
ICICIBANK.NS,0,0.25335845,0,No Jump
ICICIBANK.NS,0,0.3175826,1,Jump
ICICIBANK.NS,0,0.20289916,0,No Jump
ICICIBANK.NS,0,0.2421259,0,No Jump
ICICIBANK.NS,0,0.1454691,0,No Jump
ICICIBANK.NS,0,0.17310956,0,No Jump
ICICIBANK.NS,0,0.26950672,1,Jump
ICICIBANK.NS,0,0.28682482,1,Jump
ICICIBANK.NS,0,0.32390586,1,Jump
ICICIBANK.NS,0,0.21699451,0,No Jump
ICICIBANK.NS,0,0.23477764,0,No Jump
ICICIBANK.NS,1,0.14075842,0,No Jump
ICICIBANK.NS,0,0.31523764,1,Jump
ICICIBANK.NS,0,0.24665698,0,No Jump
ICICIBANK.NS,0,0.32269877,1,Jump
ICICIBANK.NS,0,0.31266752,1,Jump
ICICIBANK.NS,0,0.3248732,1,Jump
ICICIBANK.NS,0,0.31525633,1,Jump
ICICIBANK.NS,1,0.23617676,0,No Jump
ICICIBANK.NS,0,0.27422267,1,Jump
ICICIBANK.NS,0,0.18256576,0,No Jump
ICICIBANK.NS,0,0.28369862,1,Jump
ICICIBANK.NS,0,0.16840513,0,No Jump
ICICIBANK.NS,0,0.19620395,0,No Jump
ICICIBANK.NS,0,0.29757473,1,Jump
ICICIBANK.NS,0,0.28819984,1,Jump
ICICIBANK.NS,1,0.3180381,1,Jump
ICICIBANK.NS,1,0.25539398,0,No Jump
ICICIBANK.NS,1,0.317162,1,Jump
ICICIBANK.NS,0,0.24034427,0,No Jump
ICICIBANK.NS,0,0.31792438,1,Jump
ICICIBANK.NS,1,0.32645777,1,Jump
ICICIBANK.NS,0,0.22716606,0,No Jump
ICICIBANK.NS,0,0.24487002,0,No Jump
ICICIBANK.NS,0,0.32279858,1,Jump
ICICIBANK.NS,0,0.21196519,0,No Jump
ICICIBANK.NS,1,0.22642368,0,No Jump
ICICIBANK.NS,0,0.3177334,1,Jump
ICICIBANK.NS,1,0.33827308,1,Jump
ICICIBANK.NS,0,0.40351802,1,Jump
ICICIBANK.NS,1,0.31054485,1,Jump
ICICIBANK.NS,0,0.22620009,0,No Jump
ICICIBANK.NS,0,0.15445836,0,No Jump
ICICIBANK.NS,0,0.14818409,0,No Jump
ICICIBANK.NS,0,0.19218704,0,No Jump
ICICIBANK.NS,0,0.34796962,1,Jump
ICICIBANK.NS,0,0.207553,0,No Jump
ICICIBANK.NS,0,0.26089016,1,Jump
ICICIBANK.NS,1,0.33192703,1,Jump
ICICIBANK.NS,0,0.22600913,0,No Jump
ICICIBANK.NS,0,0.26801834,1,Jump
ICICIBANK.NS,0,0.34463972,1,Jump
ICICIBANK.NS,0,0.17719805,0,No Jump
ICICIBANK.NS,1,0.2800366,1,Jump
ICICIBANK.NS,0,0.16960627,0,No Jump
ICICIBANK.NS,0,0.28808546,1,Jump
ICICIBANK.NS,0,0.24359868,0,No Jump
ICICIBANK.NS,0,0.124290064,0,No Jump
ICICIBANK.NS,0,0.19591597,0,No Jump
ICICIBANK.NS,0,0.32981583,1,Jump
ICICIBANK.NS,0,0.26272067,1,Jump
ICICIBANK.NS,0,0.17928997,0,No Jump
ICICIBANK.NS,0,0.2500725,0,No Jump
ICICIBANK.NS,0,0.2226397,0,No Jump
ICICIBANK.NS,0,0.2826919,1,Jump
ICICIBANK.NS,0,0.23562379,0,No Jump
ICICIBANK.NS,0,0.21982326,0,No Jump
ICICIBANK.NS,0,0.2892443,1,Jump
ICICIBANK.NS,1,0.29027453,1,Jump
ICICIBANK.NS,0,0.33352408,1,Jump
ICICIBANK.NS,1,0.28462428,1,Jump
ICICIBANK.NS,0,0.3139536,1,Jump
ICICIBANK.NS,0,0.34811613,1,Jump
ICICIBANK.NS,0,0.20139304,0,No Jump
ICICIBANK.NS,0,0.1433846,0,No Jump
ICICIBANK.NS,1,0.22945997,0,No Jump
ICICIBANK.NS,0,0.26095495,1,Jump
ICICIBANK.NS,0,0.21087931,0,No Jump
ICICIBANK.NS,0,0.27069563,1,Jump
ICICIBANK.NS,0,0.2909803,1,Jump
ICICIBANK.NS,0,0.2378755,0,No Jump
ICICIBANK.NS,0,0.25359473,0,No Jump
ICICIBANK.NS,0,0.17267442,0,No Jump
ICICIBANK.NS,0,0.21155211,0,No Jump
ICICIBANK.NS,0,0.24568453,0,No Jump
ICICIBANK.NS,0,0.31651628,1,Jump
ICICIBANK.NS,1,0.2653274,1,Jump
ICICIBANK.NS,0,0.2490525,0,No Jump
ICICIBANK.NS,1,0.23870188,0,No Jump
ICICIBANK.NS,0,0.28966424,1,Jump
ICICIBANK.NS,0,0.32593825,1,Jump
ICICIBANK.NS,0,0.23793235,0,No Jump
ICICIBANK.NS,0,0.30804166,1,Jump
ICICIBANK.NS,0,0.24200165,0,No Jump
ICICIBANK.NS,0,0.10415681,0,No Jump
ICICIBANK.NS,0,0.19675897,0,No Jump
ICICIBANK.NS,0,0.3086622,1,Jump
ICICIBANK.NS,0,0.27576417,1,Jump
ICICIBANK.NS,0,0.2515815,0,No Jump
ICICIBANK.NS,0,0.2936642,1,Jump
ICICIBANK.NS,0,0.25916684,0,No Jump
ICICIBANK.NS,0,0.27848852,1,Jump
ICICIBANK.NS,1,0.26259217,1,Jump
ICICIBANK.NS,0,0.28550515,1,Jump
ICICIBANK.NS,0,0.22530313,0,No Jump
ICICIBANK.NS,0,0.35125193,1,Jump
ICICIBANK.NS,0,0.12092415,0,No Jump
ICICIBANK.NS,0,0.23196103,0,No Jump
ICICIBANK.NS,1,0.32280907,1,Jump
ICICIBANK.NS,0,0.31124395,1,Jump
ICICIBANK.NS,0,0.25317675,0,No Jump
ICICIBANK.NS,0,0.33177465,1,Jump
ICICIBANK.NS,0,0.24187675,0,No Jump
ICICIBANK.NS,0,0.24177076,0,No Jump
ICICIBANK.NS,0,0.30146796,1,Jump
ICICIBANK.NS,0,0.31337947,1,Jump
ICICIBANK.NS,0,0.27135065,1,Jump
ICICIBANK.NS,0,0.15068589,0,No Jump
ICICIBANK.NS,0,0.24741477,0,No Jump
ICICIBANK.NS,1,0.25511825,0,No Jump
ICICIBANK.NS,0,0.3281262,1,Jump
ICICIBANK.NS,0,0.18750668,0,No Jump
ICICIBANK.NS,0,0.28533018,1,Jump
ICICIBANK.NS,0,0.21118598,0,No Jump
ICICIBANK.NS,0,0.37056515,1,Jump
ICICIBANK.NS,0,0.2856429,1,Jump
ICICIBANK.NS,0,0.1564702,0,No Jump
ICICIBANK.NS,0,0.28611946,1,Jump
ICICIBANK.NS,0,0.18315606,0,No Jump
ICICIBANK.NS,0,0.16325465,0,No Jump
ICICIBANK.NS,0,0.31493428,1,Jump
ICICIBANK.NS,0,0.25398797,0,No Jump
ICICIBANK.NS,0,0.3117188,1,Jump
ICICIBANK.NS,0,0.3071775,1,Jump
ICICIBANK.NS,0,0.3030905,1,Jump
ICICIBANK.NS,0,0.2732975,1,Jump
ICICIBANK.NS,0,0.30204272,1,Jump
ICICIBANK.NS,0,0.20905823,0,No Jump
ICICIBANK.NS,0,0.20335042,0,No Jump
ICICIBANK.NS,0,0.1688987,0,No Jump
ICICIBANK.NS,0,0.3228848,1,Jump
ICICIBANK.NS,1,0.35537985,1,Jump
ICICIBANK.NS,0,0.21484506,0,No Jump
ICICIBANK.NS,1,0.23039167,0,No Jump
ICICIBANK.NS,0,0.3368284,1,Jump
ICICIBANK.NS,0,0.3427801,1,Jump
ICICIBANK.NS,0,0.2195489,0,No Jump
ICICIBANK.NS,0,0.29361865,1,Jump
ICICIBANK.NS,0,0.23120803,0,No Jump
ICICIBANK.NS,0,0.1923901,0,No Jump
ICICIBANK.NS,1,0.31720534,1,Jump
ICICIBANK.NS,1,0.29370776,1,Jump
ICICIBANK.NS,1,0.27716413,1,Jump
ICICIBANK.NS,0,0.29832768,1,Jump
ICICIBANK.NS,0,0.2871664,1,Jump
ICICIBANK.NS,0,0.15702726,0,No Jump
ICICIBANK.NS,0,0.29105702,1,Jump
ICICIBANK.NS,1,0.27470565,1,Jump
ICICIBANK.NS,0,0.29533505,1,Jump
ICICIBANK.NS,0,0.1961369,0,No Jump
ICICIBANK.NS,0,0.3039347,1,Jump
ICICIBANK.NS,0,0.1278069,0,No Jump
ICICIBANK.NS,1,0.34135872,1,Jump
ICICIBANK.NS,1,0.2903887,1,Jump
ICICIBANK.NS,0,0.10745766,0,No Jump
ICICIBANK.NS,0,0.22625847,0,No Jump
ICICIBANK.NS,0,0.20120583,0,No Jump
ICICIBANK.NS,0,0.27286977,1,Jump
ICICIBANK.NS,0,0.28082386,1,Jump
ICICIBANK.NS,0,0.21754697,0,No Jump
ICICIBANK.NS,0,0.28680924,1,Jump
ICICIBANK.NS,0,0.24423862,0,No Jump
ICICIBANK.NS,0,0.26824003,1,Jump
ICICIBANK.NS,0,0.3297054,1,Jump
ICICIBANK.NS,0,0.27243114,1,Jump
ICICIBANK.NS,0,0.29925612,1,Jump
ICICIBANK.NS,0,0.21419139,0,No Jump
ICICIBANK.NS,1,0.304477,1,Jump
ICICIBANK.NS,0,0.22261667,0,No Jump
ICICIBANK.NS,0,0.23490958,0,No Jump
ICICIBANK.NS,0,0.26981977,1,Jump
ICICIBANK.NS,0,0.224518,0,No Jump
ICICIBANK.NS,0,0.32241306,1,Jump
ICICIBANK.NS,0,0.19814086,0,No Jump
ICICIBANK.NS,0,0.23842648,0,No Jump
ICICIBANK.NS,0,0.23039258,0,No Jump
ICICIBANK.NS,0,0.25244597,0,No Jump
ICICIBANK.NS,0,0.10516389,0,No Jump
ICICIBANK.NS,0,0.14300345,0,No Jump
ICICIBANK.NS,0,0.23046134,0,No Jump
ICICIBANK.NS,0,0.24102087,0,No Jump
ICICIBANK.NS,0,0.27697718,1,Jump
ICICIBANK.NS,0,0.16792017,0,No Jump
ICICIBANK.NS,0,0.2044783,0,No Jump
ICICIBANK.NS,0,0.18069594,0,No Jump
ICICIBANK.NS,0,0.27068955,1,Jump
ICICIBANK.NS,0,0.18678907,0,No Jump
ICICIBANK.NS,0,0.22082104,0,No Jump
ICICIBANK.NS,0,0.29769516,1,Jump
ICICIBANK.NS,0,0.23875307,0,No Jump
ICICIBANK.NS,0,0.18970914,0,No Jump
ICICIBANK.NS,0,0.2916539,1,Jump
ICICIBANK.NS,0,0.20935097,0,No Jump
ICICIBANK.NS,0,0.22719656,0,No Jump
ICICIBANK.NS,0,0.2585413,0,No Jump
ICICIBANK.NS,0,0.2626343,1,Jump
ICICIBANK.NS,0,0.28522924,1,Jump
ICICIBANK.NS,0,0.24602005,0,No Jump
ICICIBANK.NS,0,0.15299451,0,No Jump
ICICIBANK.NS,0,0.20513839,0,No Jump
ICICIBANK.NS,0,0.25190005,0,No Jump
ICICIBANK.NS,0,0.16209848,0,No Jump
ICICIBANK.NS,0,0.2201354,0,No Jump
ICICIBANK.NS,0,0.25034034,0,No Jump
ICICIBANK.NS,0,0.22237322,0,No Jump
ICICIBANK.NS,0,0.3050781,1,Jump
ICICIBANK.NS,0,0.25997823,1,Jump
ICICIBANK.NS,0,0.27155602,1,Jump
ICICIBANK.NS,0,0.20578903,0,No Jump
ICICIBANK.NS,0,0.21491869,0,No Jump
ICICIBANK.NS,0,0.2696226,1,Jump
ICICIBANK.NS,0,0.15317948,0,No Jump
ICICIBANK.NS,0,0.29609188,1,Jump
ICICIBANK.NS,0,0.19967355,0,No Jump
ICICIBANK.NS,0,0.23542207,0,No Jump
ICICIBANK.NS,0,0.35261416,1,Jump
ICICIBANK.NS,0,0.2594403,0,No Jump
ICICIBANK.NS,0,0.23421411,0,No Jump
ICICIBANK.NS,0,0.2997295,1,Jump
ICICIBANK.NS,0,0.18204542,0,No Jump
ICICIBANK.NS,0,0.22744325,0,No Jump
ICICIBANK.NS,1,0.29337862,1,Jump
ICICIBANK.NS,0,0.1630623,0,No Jump
ICICIBANK.NS,0,0.26775488,1,Jump
ICICIBANK.NS,0,0.2694791,1,Jump
ICICIBANK.NS,0,0.27793556,1,Jump
ICICIBANK.NS,0,0.22559507,0,No Jump
ICICIBANK.NS,0,0.26730487,1,Jump
ICICIBANK.NS,0,0.27452517,1,Jump
ICICIBANK.NS,0,0.16785169,0,No Jump
ICICIBANK.NS,0,0.26924753,1,Jump
ICICIBANK.NS,1,0.28524354,1,Jump
ICICIBANK.NS,1,0.35069832,1,Jump
ICICIBANK.NS,0,0.25627637,0,No Jump
ICICIBANK.NS,0,0.29084557,1,Jump
ICICIBANK.NS,0,0.32995495,1,Jump
ICICIBANK.NS,0,0.2688631,1,Jump
ICICIBANK.NS,0,0.113104895,0,No Jump
ICICIBANK.NS,0,0.3355126,1,Jump
ICICIBANK.NS,0,0.20496309,0,No Jump
ICICIBANK.NS,0,0.31581715,1,Jump
ICICIBANK.NS,0,0.26073912,1,Jump
ICICIBANK.NS,0,0.19462334,0,No Jump
ICICIBANK.NS,0,0.16202162,0,No Jump
ICICIBANK.NS,0,0.3192457,1,Jump
ICICIBANK.NS,1,0.13021837,0,No Jump
ICICIBANK.NS,0,0.22517088,0,No Jump
ICICIBANK.NS,0,0.19985223,0,No Jump
ICICIBANK.NS,0,0.21545623,0,No Jump
ICICIBANK.NS,0,0.28310785,1,Jump
ICICIBANK.NS,0,0.23709363,0,No Jump
ICICIBANK.NS,0,0.19531882,0,No Jump
ICICIBANK.NS,0,0.2768971,1,Jump
ICICIBANK.NS,0,0.14408922,0,No Jump
ICICIBANK.NS,0,0.15409513,0,No Jump
ICICIBANK.NS,1,0.27863285,1,Jump
ICICIBANK.NS,0,0.23983641,0,No Jump
ICICIBANK.NS,0,0.3048921,1,Jump
ICICIBANK.NS,0,0.29146448,1,Jump
ICICIBANK.NS,0,0.2835288,1,Jump
ICICIBANK.NS,0,0.34212223,1,Jump
ICICIBANK.NS,0,0.24088183,0,No Jump
ICICIBANK.NS,0,0.23799248,0,No Jump
ICICIBANK.NS,0,0.25111443,0,No Jump
ICICIBANK.NS,0,0.2605087,1,Jump
ICICIBANK.NS,0,0.25919968,0,No Jump
ICICIBANK.NS,0,0.21963233,0,No Jump
ICICIBANK.NS,0,0.2246682,0,No Jump
ICICIBANK.NS,0,0.18255249,0,No Jump
ICICIBANK.NS,0,0.29188168,1,Jump
ICICIBANK.NS,0,0.29846832,1,Jump
ICICIBANK.NS,1,0.25991178,1,Jump
ICICIBANK.NS,0,0.29442686,1,Jump
ICICIBANK.NS,0,0.272423,1,Jump
ICICIBANK.NS,0,0.20227534,0,No Jump
ICICIBANK.NS,0,0.22134878,0,No Jump
ICICIBANK.NS,0,0.25406072,0,No Jump
ICICIBANK.NS,0,0.31961542,1,Jump
ICICIBANK.NS,0,0.32388765,1,Jump
ICICIBANK.NS,0,0.31792328,1,Jump
ICICIBANK.NS,0,0.17411509,0,No Jump
ICICIBANK.NS,0,0.21176778,0,No Jump
ICICIBANK.NS,0,0.2562019,0,No Jump
ICICIBANK.NS,0,0.32529977,1,Jump
ICICIBANK.NS,0,0.36183658,1,Jump
ICICIBANK.NS,0,0.24855612,0,No Jump
ICICIBANK.NS,0,0.22684339,0,No Jump
ICICIBANK.NS,0,0.22744137,0,No Jump
ICICIBANK.NS,0,0.21436206,0,No Jump
ICICIBANK.NS,0,0.21327864,0,No Jump
ICICIBANK.NS,0,0.33300558,1,Jump
ICICIBANK.NS,0,0.19590464,0,No Jump
ICICIBANK.NS,1,0.21461602,0,No Jump
ICICIBANK.NS,0,0.29068488,1,Jump
ICICIBANK.NS,0,0.30261868,1,Jump
ICICIBANK.NS,0,0.2596749,0,No Jump
ICICIBANK.NS,0,0.31757998,1,Jump
ICICIBANK.NS,0,0.17014827,0,No Jump
ICICIBANK.NS,1,0.29436547,1,Jump
ICICIBANK.NS,0,0.16162625,0,No Jump
ICICIBANK.NS,0,0.19482963,0,No Jump
ICICIBANK.NS,0,0.17119907,0,No Jump
ICICIBANK.NS,0,0.15337095,0,No Jump
ICICIBANK.NS,1,0.30078423,1,Jump
ICICIBANK.NS,0,0.18963224,0,No Jump
ICICIBANK.NS,0,0.23335713,0,No Jump
ICICIBANK.NS,0,0.19149022,0,No Jump
ICICIBANK.NS,0,0.2752974,1,Jump
ICICIBANK.NS,0,0.17151158,0,No Jump
ICICIBANK.NS,0,0.20805682,0,No Jump
ICICIBANK.NS,0,0.15896021,0,No Jump
ICICIBANK.NS,1,0.25757676,0,No Jump
ICICIBANK.NS,0,0.2585435,0,No Jump
ICICIBANK.NS,0,0.24030258,0,No Jump
ICICIBANK.NS,0,0.29520112,1,Jump
ICICIBANK.NS,0,0.28326598,1,Jump
ICICIBANK.NS,0,0.3035728,1,Jump
ICICIBANK.NS,0,0.22225957,0,No Jump
ICICIBANK.NS,0,0.29902592,1,Jump
ICICIBANK.NS,0,0.3117077,1,Jump
ICICIBANK.NS,0,0.21285488,0,No Jump
ICICIBANK.NS,0,0.21612965,0,No Jump
ICICIBANK.NS,1,0.22898652,0,No Jump
ICICIBANK.NS,0,0.12967554,0,No Jump
ICICIBANK.NS,0,0.22904098,0,No Jump
ICICIBANK.NS,0,0.16707261,0,No Jump
ICICIBANK.NS,1,0.2854497,1,Jump
ICICIBANK.NS,0,0.15963472,0,No Jump
ICICIBANK.NS,0,0.2773576,1,Jump
ICICIBANK.NS,0,0.21654259,0,No Jump
ICICIBANK.NS,0,0.25709087,0,No Jump
ICICIBANK.NS,0,0.32230842,1,Jump
ICICIBANK.NS,0,0.31711346,1,Jump
ICICIBANK.NS,0,0.27664602,1,Jump
ICICIBANK.NS,0,0.19576147,0,No Jump
ICICIBANK.NS,0,0.29463392,1,Jump
ICICIBANK.NS,0,0.31893727,1,Jump
ICICIBANK.NS,0,0.3352082,1,Jump
ICICIBANK.NS,1,0.20618437,0,No Jump
ICICIBANK.NS,1,0.28959545,1,Jump
ICICIBANK.NS,0,0.17265497,0,No Jump
ICICIBANK.NS,0,0.16185224,0,No Jump
ICICIBANK.NS,0,0.23898695,0,No Jump
ICICIBANK.NS,0,0.24480562,0,No Jump
ICICIBANK.NS,0,0.18285248,0,No Jump
ICICIBANK.NS,0,0.2403266,0,No Jump
ICICIBANK.NS,0,0.2681768,1,Jump
ICICIBANK.NS,0,0.14065158,0,No Jump
ICICIBANK.NS,0,0.282765,1,Jump
ICICIBANK.NS,0,0.29380175,1,Jump
ICICIBANK.NS,0,0.20075525,0,No Jump
ICICIBANK.NS,0,0.2163092,0,No Jump
ICICIBANK.NS,0,0.13866682,0,No Jump
ICICIBANK.NS,0,0.34245795,1,Jump
ICICIBANK.NS,0,0.22054806,0,No Jump
ICICIBANK.NS,0,0.28477448,1,Jump
ICICIBANK.NS,0,0.14678475,0,No Jump
ICICIBANK.NS,1,0.35011363,1,Jump
ICICIBANK.NS,0,0.25261682,0,No Jump
ICICIBANK.NS,0,0.18081301,0,No Jump
ICICIBANK.NS,0,0.15930593,0,No Jump
ICICIBANK.NS,1,0.23683627,0,No Jump
ICICIBANK.NS,0,0.29950255,1,Jump
ICICIBANK.NS,0,0.23654062,0,No Jump
ICICIBANK.NS,0,0.31132814,1,Jump
ICICIBANK.NS,0,0.15829681,0,No Jump
ICICIBANK.NS,0,0.3412455,1,Jump
ICICIBANK.NS,0,0.17563379,0,No Jump
ICICIBANK.NS,1,0.29157478,1,Jump
ICICIBANK.NS,0,0.30186918,1,Jump
ICICIBANK.NS,0,0.2159861,0,No Jump
ICICIBANK.NS,0,0.21748061,0,No Jump
ICICIBANK.NS,0,0.16436622,0,No Jump
ICICIBANK.NS,0,0.18575731,0,No Jump
ICICIBANK.NS,0,0.22562392,0,No Jump
ICICIBANK.NS,1,0.23851551,0,No Jump
ICICIBANK.NS,0,0.19582921,0,No Jump
ICICIBANK.NS,0,0.26969424,1,Jump
ICICIBANK.NS,0,0.25407568,0,No Jump
ICICIBANK.NS,0,0.24649622,0,No Jump
ICICIBANK.NS,1,0.29470092,1,Jump
ICICIBANK.NS,0,0.37868345,1,Jump
ICICIBANK.NS,0,0.16536896,0,No Jump
ICICIBANK.NS,0,0.2894323,1,Jump
ICICIBANK.NS,0,0.31653398,1,Jump
ICICIBANK.NS,0,0.23746768,0,No Jump
ICICIBANK.NS,1,0.31388053,1,Jump
ICICIBANK.NS,0,0.2043072,0,No Jump
ICICIBANK.NS,0,0.2911105,1,Jump
ICICIBANK.NS,1,0.3471833,1,Jump
ICICIBANK.NS,0,0.3053124,1,Jump
ICICIBANK.NS,0,0.19717614,0,No Jump
ICICIBANK.NS,0,0.17909467,0,No Jump
ICICIBANK.NS,0,0.32508832,1,Jump
ICICIBANK.NS,0,0.25345492,0,No Jump
ICICIBANK.NS,0,0.32951212,1,Jump
ICICIBANK.NS,0,0.3204681,1,Jump
ICICIBANK.NS,0,0.23202421,0,No Jump
ICICIBANK.NS,0,0.2949905,1,Jump
ICICIBANK.NS,0,0.16779545,0,No Jump
ICICIBANK.NS,0,0.27676335,1,Jump
ICICIBANK.NS,0,0.2864109,1,Jump
ICICIBANK.NS,0,0.2712122,1,Jump
ICICIBANK.NS,0,0.16247386,0,No Jump
ICICIBANK.NS,0,0.18575144,0,No Jump
ICICIBANK.NS,0,0.29342973,1,Jump
ICICIBANK.NS,1,0.30085257,1,Jump
ICICIBANK.NS,0,0.21681984,0,No Jump
ICICIBANK.NS,0,0.3379656,1,Jump
